date,site_reference,site_description,region_name,heavy_count,light_count,total_count,congestion_index,iso_week,pack_week,season_phase
2021-04-01,00200132,Whakamarama Telemetry Site 124,04 - Bay of Plenty,1962.5,14285.5,16248.0,100.0,13,13,KiwiStart
2021-04-01,00200141,TE PUNA - Telemetry Site 65 - West of Snodgrass,04 - Bay of Plenty,2252.5,24156.5,26409.0,100.0,13,13,KiwiStart
2021-04-01,00200166,KAIRUA - Telemetry Site 120 - (WIM Site),04 - Bay of Plenty,5026.0,38795.0,43821.0,100.0,13,13,KiwiStart
2021-04-01,00200200,OHINEPANEA - Telemetry Site 13 - West of Rogers Rd,04 - Bay of Plenty,1448.5,8389.5,9838.0,100.0,13,13,KiwiStart
2021-04-01,00200242,AWAKERI - Telemetry Site 92,04 - Bay of Plenty,1189.5,14125.5,15315.0,100.0,13,13,KiwiStart
2021-04-01,00210152,TAKITIMU DRIVE - Telemetry Site 105 - Inc ,04 - Bay of Plenty,2432.0,25012.0,27444.0,100.0,13,13,KiwiStart
2021-04-01,00210180,TEL Toll Gantry -Telemetry Site 122 - EB,04 - Bay of Plenty,1167.0,6888.0,8055.0,100.0,13,13,KiwiStart
2021-04-01,00220152,TAKITIMU DRIVE - Telemetry Site 105 - Dec ,04 - Bay of Plenty,2306.0,23780.0,26086.0,100.0,13,13,KiwiStart
2021-04-01,00220180,TEL Toll Gantry -Telemetry Site 122 - WB,04 - Bay of Plenty,1061.0,5755.0,6816.0,100.0,13,13,KiwiStart
2021-04-02,00200132,Whakamarama Telemetry Site 124,04 - Bay of Plenty,845.0,10463.0,11308.0,100.0,13,13,KiwiStart
2021-04-02,00200141,TE PUNA - Telemetry Site 65 - West of Snodgrass,04 - Bay of Plenty,839.5,15610.5,16450.0,100.0,13,13,KiwiStart
2021-04-02,00200166,KAIRUA - Telemetry Site 120 - (WIM Site),04 - Bay of Plenty,1865.0,26400.0,28265.0,100.0,13,13,KiwiStart
2021-04-02,00200200,OHINEPANEA - Telemetry Site 13 - West of Rogers Rd,04 - Bay of Plenty,765.0,7326.0,8091.0,100.0,13,13,KiwiStart
2021-04-02,00200242,AWAKERI - Telemetry Site 92,04 - Bay of Plenty,571.0,8429.0,9000.0,100.0,13,13,KiwiStart
2021-04-02,00210152,TAKITIMU DRIVE - Telemetry Site 105 - Inc ,04 - Bay of Plenty,753.0,13691.0,14444.0,100.0,13,13,KiwiStart
2021-04-02,00210180,TEL Toll Gantry -Telemetry Site 122 - EB,04 - Bay of Plenty,657.0,6616.0,7273.0,97.58,13,13,KiwiStart
2021-04-02,00220152,TAKITIMU DRIVE - Telemetry Site 105 - Dec ,04 - Bay of Plenty,736.5,12504.5,13241.0,100.0,13,13,KiwiStart
2021-04-02,00220180,TEL Toll Gantry -Telemetry Site 122 - WB,04 - Bay of Plenty,398.5,4277.5,4676.0,62.19,13,13,KiwiStart
2021-04-03,00200132,Whakamarama Telemetry Site 124,04 - Bay of Plenty,832.0,12334.0,13166.0,100.0,13,13,KiwiStart
2021-04-03,00200141,TE PUNA - Telemetry Site 65 - West of Snodgrass,04 - Bay of Plenty,830.0,20059.0,20889.0,100.0,13,13,KiwiStart
2021-04-03,00200166,KAIRUA - Telemetry Site 120 - (WIM Site),04 - Bay of Plenty,1649.0,31331.0,32980.0,100.0,13,13,KiwiStart
2021-04-03,00200200,OHINEPANEA - Telemetry Site 13 - West of Rogers Rd,04 - Bay of Plenty,580.0,7118.0,7698.0,100.0,13,13,KiwiStart
2021-04-03,00200242,AWAKERI - Telemetry Site 92,04 - Bay of Plenty,476.0,10043.0,10519.0,100.0,13,13,KiwiStart
2021-04-03,00210152,TAKITIMU DRIVE - Telemetry Site 105 - Inc ,04 - Bay of Plenty,837.5,18550.5,19388.0,100.0,13,13,KiwiStart
2021-04-03,00210180,TEL Toll Gantry -Telemetry Site 122 - EB,04 - Bay of Plenty,388.5,5774.5,6163.0,78.86,13,13,KiwiStart
2021-04-03,00220152,TAKITIMU DRIVE - Telemetry Site 105 - Dec ,04 - Bay of Plenty,813.0,17874.0,18687.0,100.0,13,13,KiwiStart
2021-04-03,00220180,TEL Toll Gantry -Telemetry Site 122 - WB,04 - Bay of Plenty,405.0,5443.0,5848.0,75.66,13,13,KiwiStart
2021-04-04,00200132,Whakamarama Telemetry Site 124,04 - Bay of Plenty,656.5,12257.5,12914.0,100.0,13,13,KiwiStart
2021-04-04,00200141,TE PUNA - Telemetry Site 65 - West of Snodgrass,04 - Bay of Plenty,675.5,18170.5,18846.0,100.0,13,13,KiwiStart
2021-04-04,00200166,KAIRUA - Telemetry Site 120 - (WIM Site),04 - Bay of Plenty,1282.0,27238.0,28520.0,100.0,13,13,KiwiStart
2021-04-04,00200200,OHINEPANEA - Telemetry Site 13 - West of Rogers Rd,04 - Bay of Plenty,455.0,6598.0,7053.0,90.49,13,13,KiwiStart
2021-04-04,00200242,AWAKERI - Telemetry Site 92,04 - Bay of Plenty,450.5,8191.5,8642.0,100.0,13,13,KiwiStart
2021-04-04,00210152,TAKITIMU DRIVE - Telemetry Site 105 - Inc ,04 - Bay of Plenty,534.5,14206.5,14741.0,100.0,13,13,KiwiStart
2021-04-04,00210180,TEL Toll Gantry -Telemetry Site 122 - EB,04 - Bay of Plenty,280.0,4723.0,5003.0,63.22,13,13,KiwiStart
2021-04-04,00220152,TAKITIMU DRIVE - Telemetry Site 105 - Dec ,04 - Bay of Plenty,553.5,14921.5,15475.0,100.0,13,13,KiwiStart
2021-04-04,00220180,TEL Toll Gantry -Telemetry Site 122 - WB,04 - Bay of Plenty,374.5,5519.5,5894.0,75.49,13,13,KiwiStart
2021-04-05,00200132,Whakamarama Telemetry Site 124,04 - Bay of Plenty,854.0,11714.0,12568.0,100.0,14,14,MainPack
2021-04-05,00200141,TE PUNA - Telemetry Site 65 - West of Snodgrass,04 - Bay of Plenty,879.0,17670.0,18549.0,100.0,14,14,MainPack
2021-04-05,00200166,KAIRUA - Telemetry Site 120 - (WIM Site),04 - Bay of Plenty,1630.0,26955.0,28585.0,100.0,14,14,MainPack
2021-04-05,00200200,OHINEPANEA - Telemetry Site 13 - West of Rogers Rd,04 - Bay of Plenty,701.5,7268.5,7970.0,100.0,14,14,MainPack
2021-04-05,00200242,AWAKERI - Telemetry Site 92,04 - Bay of Plenty,641.0,8908.0,9549.0,100.0,14,14,MainPack
2021-04-05,00210152,TAKITIMU DRIVE - Telemetry Site 105 - Inc ,04 - Bay of Plenty,641.0,13548.0,14189.0,100.0,14,14,MainPack
2021-04-05,00210180,TEL Toll Gantry -Telemetry Site 122 - EB,04 - Bay of Plenty,357.5,4363.5,4721.0,61.77,14,14,MainPack
2021-04-05,00220152,TAKITIMU DRIVE - Telemetry Site 105 - Dec ,04 - Bay of Plenty,682.0,15125.0,15807.0,100.0,14,14,MainPack
2021-04-05,00220180,TEL Toll Gantry -Telemetry Site 122 - WB,04 - Bay of Plenty,733.0,6475.0,7208.0,98.57,14,14,MainPack
2021-04-06,00200132,Whakamarama Telemetry Site 124,04 - Bay of Plenty,1703.0,12799.0,14502.0,100.0,14,14,MainPack
2021-04-06,00200141,TE PUNA - Telemetry Site 65 - West of Snodgrass,04 - Bay of Plenty,1944.0,22620.0,24564.0,100.0,14,14,MainPack
2021-04-06,00200166,KAIRUA - Telemetry Site 120 - (WIM Site),04 - Bay of Plenty,4475.0,34896.0,39371.0,100.0,14,14,MainPack
2021-04-06,00200200,OHINEPANEA - Telemetry Site 13 - West of Rogers Rd,04 - Bay of Plenty,1320.5,7620.5,8941.0,100.0,14,14,MainPack
2021-04-06,00200242,AWAKERI - Telemetry Site 92,04 - Bay of Plenty,1109.0,11292.0,12401.0,100.0,14,14,MainPack
2021-04-06,00210152,TAKITIMU DRIVE - Telemetry Site 105 - Inc ,04 - Bay of Plenty,2246.5,22427.5,24674.0,100.0,14,14,MainPack
2021-04-06,00210180,TEL Toll Gantry -Telemetry Site 122 - EB,04 - Bay of Plenty,928.5,5431.5,6360.0,93.38,14,14,MainPack
2021-04-06,00220152,TAKITIMU DRIVE - Telemetry Site 105 - Dec ,04 - Bay of Plenty,2093.5,22544.5,24638.0,100.0,14,14,MainPack
2021-04-06,00220180,TEL Toll Gantry -Telemetry Site 122 - WB,04 - Bay of Plenty,1058.0,5754.0,6812.0,100.0,14,14,MainPack
2021-04-07,00200132,Whakamarama Telemetry Site 124,04 - Bay of Plenty,1570.0,11711.0,13281.0,100.0,14,14,MainPack
2021-04-07,00200141,TE PUNA - Telemetry Site 65 - West of Snodgrass,04 - Bay of Plenty,2010.0,21422.0,23432.0,100.0,14,14,MainPack
2021-04-07,00200166,KAIRUA - Telemetry Site 120 - (WIM Site),04 - Bay of Plenty,4390.0,35420.0,39810.0,100.0,14,14,MainPack
2021-04-07,00200200,OHINEPANEA - Telemetry Site 13 - West of Rogers Rd,04 - Bay of Plenty,1221.0,6545.0,7766.0,100.0,14,14,MainPack
2021-04-07,00200242,AWAKERI - Telemetry Site 92,04 - Bay of Plenty,1144.5,11816.5,12961.0,100.0,14,14,MainPack
2021-04-07,00210152,TAKITIMU DRIVE - Telemetry Site 105 - Inc ,04 - Bay of Plenty,2325.0,22784.0,25109.0,100.0,14,14,MainPack
2021-04-07,00210180,TEL Toll Gantry -Telemetry Site 122 - EB,04 - Bay of Plenty,888.0,5133.0,6021.0,88.6,14,14,MainPack
2021-04-07,00220152,TAKITIMU DRIVE - Telemetry Site 105 - Dec ,04 - Bay of Plenty,2228.5,22585.5,24814.0,100.0,14,14,MainPack
2021-04-07,00220180,TEL Toll Gantry -Telemetry Site 122 - WB,04 - Bay of Plenty,1003.5,5162.5,6166.0,92.88,14,14,MainPack
2021-04-08,00200132,Whakamarama Telemetry Site 124,04 - Bay of Plenty,1937.0,12358.0,14295.0,100.0,14,14,MainPack
2021-04-08,00200141,TE PUNA - Telemetry Site 65 - West of Snodgrass,04 - Bay of Plenty,2063.0,22222.0,24285.0,100.0,14,14,MainPack
2021-04-08,00200166,KAIRUA - Telemetry Site 120 - (WIM Site),04 - Bay of Plenty,4635.0,35858.0,40493.0,100.0,14,14,MainPack
2021-04-08,00200200,OHINEPANEA - Telemetry Site 13 - West of Rogers Rd,04 - Bay of Plenty,1266.5,6855.5,8122.0,100.0,14,14,MainPack
2021-04-08,00200242,AWAKERI - Telemetry Site 92,04 - Bay of Plenty,1216.5,12341.5,13558.0,100.0,14,14,MainPack
2021-04-08,00210152,TAKITIMU DRIVE - Telemetry Site 105 - Inc ,04 - Bay of Plenty,2344.5,23273.5,25618.0,100.0,14,14,MainPack
2021-04-08,00210180,TEL Toll Gantry -Telemetry Site 122 - EB,04 - Bay of Plenty,858.5,5219.5,6078.0,88.58,14,14,MainPack
2021-04-08,00220152,TAKITIMU DRIVE - Telemetry Site 105 - Dec ,04 - Bay of Plenty,2214.5,22961.5,25176.0,100.0,14,14,MainPack
2021-04-08,00220180,TEL Toll Gantry -Telemetry Site 122 - WB,04 - Bay of Plenty,988.5,5494.5,6483.0,96.14,14,14,MainPack
2021-04-09,00200132,Whakamarama Telemetry Site 124,04 - Bay of Plenty,1739.5,13065.5,14805.0,100.0,14,14,MainPack
2021-04-09,00200141,TE PUNA - Telemetry Site 65 - West of Snodgrass,04 - Bay of Plenty,2012.0,22871.0,24883.0,100.0,14,14,MainPack
2021-04-09,00200166,KAIRUA - Telemetry Site 120 - (WIM Site),04 - Bay of Plenty,4446.0,36300.0,40746.0,100.0,14,14,MainPack
2021-04-09,00200242,AWAKERI - Telemetry Site 92,04 - Bay of Plenty,1192.5,11977.5,13170.0,100.0,14,14,MainPack
2021-04-09,00210152,TAKITIMU DRIVE - Telemetry Site 105 - Inc ,04 - Bay of Plenty,2367.0,23590.0,25957.0,100.0,14,14,MainPack
2021-04-09,00210180,TEL Toll Gantry -Telemetry Site 122 - EB,04 - Bay of Plenty,957.5,5461.5,6419.0,94.7,14,14,MainPack
2021-04-09,00220152,TAKITIMU DRIVE - Telemetry Site 105 - Dec ,04 - Bay of Plenty,2276.0,22936.0,25212.0,100.0,14,14,MainPack
2021-04-09,00220180,TEL Toll Gantry -Telemetry Site 122 - WB,04 - Bay of Plenty,1078.5,5316.5,6395.0,97.18,14,14,MainPack
2021-04-10,00200132,Whakamarama Telemetry Site 124,04 - Bay of Plenty,797.0,9758.0,10555.0,100.0,14,14,MainPack
2021-04-10,00200141,TE PUNA - Telemetry Site 65 - West of Snodgrass,04 - Bay of Plenty,830.0,17108.0,17938.0,100.0,14,14,MainPack
2021-04-10,00200166,KAIRUA - Telemetry Site 120 - (WIM Site),04 - Bay of Plenty,1573.0,27811.0,29384.0,100.0,14,14,MainPack
2021-04-10,00200242,AWAKERI - Telemetry Site 92,04 - Bay of Plenty,481.0,8364.0,8845.0,100.0,14,14,MainPack
2021-04-10,00210152,TAKITIMU DRIVE - Telemetry Site 105 - Inc ,04 - Bay of Plenty,990.5,16017.5,17008.0,100.0,14,14,MainPack
2021-04-10,00210180,TEL Toll Gantry -Telemetry Site 122 - EB,04 - Bay of Plenty,389.0,4238.0,4627.0,61.42,14,14,MainPack
2021-04-10,00220152,TAKITIMU DRIVE - Telemetry Site 105 - Dec ,04 - Bay of Plenty,965.0,16140.0,17105.0,100.0,14,14,MainPack
2021-04-10,00220180,TEL Toll Gantry -Telemetry Site 122 - WB,04 - Bay of Plenty,455.0,4061.0,4516.0,61.66,14,14,MainPack
2021-04-11,00200132,Whakamarama Telemetry Site 124,04 - Bay of Plenty,697.5,9420.5,10118.0,100.0,14,14,MainPack
2021-04-11,00200141,TE PUNA - Telemetry Site 65 - West of Snodgrass,04 - Bay of Plenty,608.0,16077.0,16685.0,100.0,14,14,MainPack
2021-04-11,00200166,KAIRUA - Telemetry Site 120 - (WIM Site),04 - Bay of Plenty,1119.0,25085.0,26204.0,100.0,14,14,MainPack
2021-04-11,00200242,AWAKERI - Telemetry Site 92,04 - Bay of Plenty,346.5,7149.5,7496.0,93.06,14,14,MainPack
2021-04-11,00210152,TAKITIMU DRIVE - Telemetry Site 105 - Inc ,04 - Bay of Plenty,454.0,13710.0,14164.0,100.0,14,14,MainPack
2021-04-11,00210180,TEL Toll Gantry -Telemetry Site 122 - EB,04 - Bay of Plenty,257.0,3825.0,4082.0,52.23,14,14,MainPack
2021-04-11,00220152,TAKITIMU DRIVE - Telemetry Site 105 - Dec ,04 - Bay of Plenty,461.0,14286.0,14747.0,100.0,14,14,MainPack
2021-04-11,00220180,TEL Toll Gantry -Telemetry Site 122 - WB,04 - Bay of Plenty,339.5,4078.5,4418.0,57.92,14,14,MainPack
2021-04-12,00200132,Whakamarama Telemetry Site 124,04 - Bay of Plenty,1540.0,10529.0,12069.0,100.0,15,15,MainPack
2021-04-12,00200141,TE PUNA - Telemetry Site 65 - West of Snodgrass,04 - Bay of Plenty,1787.5,19588.5,21376.0,100.0,15,15,MainPack
2021-04-12,00200166,KAIRUA - Telemetry Site 120 - (WIM Site),04 - Bay of Plenty,4015.0,32808.0,36823.0,100.0,15,15,MainPack
2021-04-12,00200242,AWAKERI - Telemetry Site 92,04 - Bay of Plenty,825.5,9976.5,10802.0,100.0,15,15,MainPack
2021-04-12,00210152,TAKITIMU DRIVE - Telemetry Site 105 - Inc ,04 - Bay of Plenty,2208.0,21269.0,23477.0,100.0,15,15,MainPack
2021-04-12,00210180,TEL Toll Gantry -Telemetry Site 122 - EB,04 - Bay of Plenty,849.0,4565.0,5414.0,80.82,15,15,MainPack
2021-04-12,00220152,TAKITIMU DRIVE - Telemetry Site 105 - Dec ,04 - Bay of Plenty,2199.5,21014.5,23214.0,100.0,15,15,MainPack
2021-04-12,00220180,TEL Toll Gantry -Telemetry Site 122 - WB,04 - Bay of Plenty,853.5,4436.5,5290.0,79.51,15,15,MainPack
2021-04-13,00200132,Whakamarama Telemetry Site 124,04 - Bay of Plenty,1850.0,11599.0,13449.0,100.0,15,15,MainPack
2021-04-13,00200141,TE PUNA - Telemetry Site 65 - West of Snodgrass,04 - Bay of Plenty,2064.5,21579.5,23644.0,100.0,15,15,MainPack
2021-04-13,00200166,KAIRUA - Telemetry Site 120 - (WIM Site),04 - Bay of Plenty,4531.0,35199.0,39730.0,100.0,15,15,MainPack
2021-04-13,00200242,AWAKERI - Telemetry Site 92,04 - Bay of Plenty,891.0,11427.0,12318.0,100.0,15,15,MainPack
2021-04-13,00210152,TAKITIMU DRIVE - Telemetry Site 105 - Inc ,04 - Bay of Plenty,2338.0,22850.0,25188.0,100.0,15,15,MainPack
2021-04-13,00210180,TEL Toll Gantry -Telemetry Site 122 - EB,04 - Bay of Plenty,917.0,5018.0,5935.0,88.28,15,15,MainPack
2021-04-13,00220152,TAKITIMU DRIVE - Telemetry Site 105 - Dec ,04 - Bay of Plenty,2205.0,22380.0,24585.0,100.0,15,15,MainPack
2021-04-13,00220180,TEL Toll Gantry -Telemetry Site 122 - WB,04 - Bay of Plenty,963.5,4891.5,5855.0,88.43,15,15,MainPack
2021-04-14,00200132,Whakamarama Telemetry Site 124,04 - Bay of Plenty,1626.0,11675.0,13301.0,100.0,15,15,MainPack
2021-04-14,00200141,TE PUNA - Telemetry Site 65 - West of Snodgrass,04 - Bay of Plenty,1876.0,21330.0,23206.0,100.0,15,15,MainPack
2021-04-14,00200242,AWAKERI - Telemetry Site 92,04 - Bay of Plenty,1001.0,11946.0,12947.0,100.0,15,15,MainPack
2021-04-14,00210152,TAKITIMU DRIVE - Telemetry Site 105 - Inc ,04 - Bay of Plenty,2299.5,22967.5,25267.0,100.0,15,15,MainPack
2021-04-14,00210180,TEL Toll Gantry -Telemetry Site 122 - EB,04 - Bay of Plenty,881.0,5243.0,6124.0,89.61,15,15,MainPack
2021-04-14,00220152,TAKITIMU DRIVE - Telemetry Site 105 - Dec ,04 - Bay of Plenty,2180.5,22624.5,24805.0,100.0,15,15,MainPack
2021-04-14,00220180,TEL Toll Gantry -Telemetry Site 122 - WB,04 - Bay of Plenty,952.5,5170.5,6123.0,91.23,15,15,MainPack
2021-04-15,00200141,TE PUNA - Telemetry Site 65 - West of Snodgrass,04 - Bay of Plenty,2000.0,22469.0,24469.0,100.0,15,15,MainPack
2021-04-15,00200200,OHINEPANEA - Telemetry Site 13 - West of Rogers Rd,04 - Bay of Plenty,1292.0,6993.0,8285.0,100.0,15,15,MainPack
2021-04-15,00200242,AWAKERI - Telemetry Site 92,04 - Bay of Plenty,1166.5,12131.5,13298.0,100.0,15,15,MainPack
2021-04-15,00210152,TAKITIMU DRIVE - Telemetry Site 105 - Inc ,04 - Bay of Plenty,2356.5,23343.5,25700.0,100.0,15,15,MainPack
2021-04-15,00210180,TEL Toll Gantry -Telemetry Site 122 - EB,04 - Bay of Plenty,974.0,5736.0,6710.0,98.39,15,15,MainPack
2021-04-15,00220152,TAKITIMU DRIVE - Telemetry Site 105 - Dec ,04 - Bay of Plenty,2307.5,22899.5,25207.0,100.0,15,15,MainPack
2021-04-15,00220180,TEL Toll Gantry -Telemetry Site 122 - WB,04 - Bay of Plenty,1066.0,5878.0,6944.0,100.0,15,15,MainPack
2021-04-16,00200141,TE PUNA - Telemetry Site 65 - West of Snodgrass,04 - Bay of Plenty,2013.0,22913.0,24926.0,100.0,15,15,MainPack
2021-04-16,00200200,OHINEPANEA - Telemetry Site 13 - West of Rogers Rd,04 - Bay of Plenty,1233.5,7373.5,8607.0,100.0,15,15,MainPack
2021-04-16,00200242,AWAKERI - Telemetry Site 92,04 - Bay of Plenty,1194.5,12351.5,13546.0,100.0,15,15,MainPack
2021-04-16,00210152,TAKITIMU DRIVE - Telemetry Site 105 - Inc ,04 - Bay of Plenty,2330.5,23627.5,25958.0,100.0,15,15,MainPack
2021-04-16,00210180,TEL Toll Gantry -Telemetry Site 122 - EB,04 - Bay of Plenty,940.0,6055.0,6995.0,100.0,15,15,MainPack
2021-04-16,00220152,TAKITIMU DRIVE - Telemetry Site 105 - Dec ,04 - Bay of Plenty,2190.5,23092.5,25283.0,100.0,15,15,MainPack
2021-04-16,00220180,TEL Toll Gantry -Telemetry Site 122 - WB,04 - Bay of Plenty,1010.5,5699.5,6710.0,99.22,15,15,MainPack
2021-04-17,00200132,Whakamarama Telemetry Site 124,04 - Bay of Plenty,998.0,11245.0,12243.0,100.0,15,15,MainPack
2021-04-17,00200141,TE PUNA - Telemetry Site 65 - West of Snodgrass,04 - Bay of Plenty,1058.0,19294.0,20352.0,100.0,15,15,MainPack
2021-04-17,00200200,OHINEPANEA - Telemetry Site 13 - West of Rogers Rd,04 - Bay of Plenty,698.5,6132.5,6831.0,93.5,15,15,MainPack
2021-04-17,00200242,AWAKERI - Telemetry Site 92,04 - Bay of Plenty,662.5,9266.5,9929.0,100.0,15,15,MainPack
2021-04-17,00210152,TAKITIMU DRIVE - Telemetry Site 105 - Inc ,04 - Bay of Plenty,846.5,17224.5,18071.0,100.0,15,15,MainPack
2021-04-17,00210180,TEL Toll Gantry -Telemetry Site 122 - EB,04 - Bay of Plenty,438.5,5132.5,5571.0,73.27,15,15,MainPack
2021-04-17,00220152,TAKITIMU DRIVE - Telemetry Site 105 - Dec ,04 - Bay of Plenty,792.5,17125.5,17918.0,100.0,15,15,MainPack
2021-04-17,00220180,TEL Toll Gantry -Telemetry Site 122 - WB,04 - Bay of Plenty,451.5,4822.5,5274.0,70.19,15,15,MainPack
2021-04-18,00200132,Whakamarama Telemetry Site 124,04 - Bay of Plenty,803.5,11090.5,11894.0,100.0,15,15,MainPack
2021-04-18,00200141,TE PUNA - Telemetry Site 65 - West of Snodgrass,04 - Bay of Plenty,798.5,17772.5,18571.0,100.0,15,15,MainPack
2021-04-18,00200200,OHINEPANEA - Telemetry Site 13 - West of Rogers Rd,04 - Bay of Plenty,631.0,7005.0,7636.0,100.0,15,15,MainPack
2021-04-18,00200242,AWAKERI - Telemetry Site 92,04 - Bay of Plenty,473.5,8105.5,8579.0,100.0,15,15,MainPack
2021-04-18,00210152,TAKITIMU DRIVE - Telemetry Site 105 - Inc ,04 - Bay of Plenty,579.0,14121.0,14700.0,100.0,15,15,MainPack
2021-04-18,00210180,TEL Toll Gantry -Telemetry Site 122 - EB,04 - Bay of Plenty,359.5,4964.5,5324.0,68.67,15,15,MainPack
2021-04-18,00220152,TAKITIMU DRIVE - Telemetry Site 105 - Dec ,04 - Bay of Plenty,641.0,14545.0,15186.0,100.0,15,15,MainPack
2021-04-18,00220180,TEL Toll Gantry -Telemetry Site 122 - WB,04 - Bay of Plenty,399.5,5156.5,5556.0,72.22,15,15,MainPack
2021-04-19,00200132,Whakamarama Telemetry Site 124,04 - Bay of Plenty,1794.0,11884.0,13678.0,100.0,16,16,MainPack
2021-04-19,00200141,TE PUNA - Telemetry Site 65 - West of Snodgrass,04 - Bay of Plenty,2005.0,20912.0,22917.0,100.0,16,16,MainPack
2021-04-19,00200200,OHINEPANEA - Telemetry Site 13 - West of Rogers Rd,04 - Bay of Plenty,1205.5,6496.5,7702.0,100.0,16,16,MainPack
2021-04-19,00200242,AWAKERI - Telemetry Site 92,04 - Bay of Plenty,960.5,10565.5,11526.0,100.0,16,16,MainPack
2021-04-19,00210152,TAKITIMU DRIVE - Telemetry Site 105 - Inc ,04 - Bay of Plenty,2288.5,21032.5,23321.0,100.0,16,16,MainPack
2021-04-19,00210180,TEL Toll Gantry -Telemetry Site 122 - EB,04 - Bay of Plenty,991.5,5266.5,6258.0,93.65,16,16,MainPack
2021-04-19,00220152,TAKITIMU DRIVE - Telemetry Site 105 - Dec ,04 - Bay of Plenty,2202.0,20228.0,22430.0,100.0,16,16,MainPack
2021-04-19,00220180,TEL Toll Gantry -Telemetry Site 122 - WB,04 - Bay of Plenty,1005.5,4945.5,5951.0,90.48,16,16,MainPack
2021-04-20,00200132,Whakamarama Telemetry Site 124,04 - Bay of Plenty,1620.5,11950.5,13571.0,100.0,16,16,MainPack
2021-04-20,00200141,TE PUNA - Telemetry Site 65 - West of Snodgrass,04 - Bay of Plenty,1885.5,21212.5,23098.0,100.0,16,16,MainPack
2021-04-20,00200200,OHINEPANEA - Telemetry Site 13 - West of Rogers Rd,04 - Bay of Plenty,1295.5,6639.5,7935.0,100.0,16,16,MainPack
2021-04-20,00200242,AWAKERI - Telemetry Site 92,04 - Bay of Plenty,944.5,10848.5,11793.0,100.0,16,16,MainPack
2021-04-20,00210152,TAKITIMU DRIVE - Telemetry Site 105 - Inc ,04 - Bay of Plenty,2301.5,22079.5,24381.0,100.0,16,16,MainPack
2021-04-20,00210180,TEL Toll Gantry -Telemetry Site 122 - EB,04 - Bay of Plenty,946.5,5215.5,6162.0,91.53,16,16,MainPack
2021-04-20,00220152,TAKITIMU DRIVE - Telemetry Site 105 - Dec ,04 - Bay of Plenty,2172.5,21899.5,24072.0,100.0,16,16,MainPack
2021-04-20,00220180,TEL Toll Gantry -Telemetry Site 122 - WB,04 - Bay of Plenty,1039.5,5122.5,6162.0,93.65,16,16,MainPack
2021-04-21,00200132,Whakamarama Telemetry Site 124,04 - Bay of Plenty,1680.5,11922.5,13603.0,100.0,16,16,MainPack
2021-04-21,00200141,TE PUNA - Telemetry Site 65 - West of Snodgrass,04 - Bay of Plenty,1850.0,21685.0,23535.0,100.0,16,16,MainPack
2021-04-21,00200200,OHINEPANEA - Telemetry Site 13 - West of Rogers Rd,04 - Bay of Plenty,1037.0,6469.0,7506.0,100.0,16,16,MainPack
2021-04-21,00200242,AWAKERI - Telemetry Site 92,04 - Bay of Plenty,909.5,11409.5,12319.0,100.0,16,16,MainPack
2021-04-21,00210152,TAKITIMU DRIVE - Telemetry Site 105 - Inc ,04 - Bay of Plenty,2220.5,22876.5,25097.0,100.0,16,16,MainPack
2021-04-21,00210180,TEL Toll Gantry -Telemetry Site 122 - EB,04 - Bay of Plenty,862.0,5821.0,6683.0,95.53,16,16,MainPack
2021-04-21,00220152,TAKITIMU DRIVE - Telemetry Site 105 - Dec ,04 - Bay of Plenty,2124.0,22704.0,24828.0,100.0,16,16,MainPack
2021-04-21,00220180,TEL Toll Gantry -Telemetry Site 122 - WB,04 - Bay of Plenty,889.5,5084.5,5974.0,88.1,16,16,MainPack
2021-04-22,00200132,Whakamarama Telemetry Site 124,04 - Bay of Plenty,2005.0,13152.0,15157.0,100.0,16,16,MainPack
2021-04-22,00200141,TE PUNA - Telemetry Site 65 - West of Snodgrass,04 - Bay of Plenty,2158.5,22660.5,24819.0,100.0,16,16,MainPack
2021-04-22,00200166,KAIRUA - Telemetry Site 120 - (WIM Site),04 - Bay of Plenty,4320.0,36573.0,40893.0,100.0,16,16,MainPack
2021-04-22,00200200,OHINEPANEA - Telemetry Site 13 - West of Rogers Rd,04 - Bay of Plenty,1171.0,7449.0,8620.0,100.0,16,16,MainPack
2021-04-22,00200242,AWAKERI - Telemetry Site 92,04 - Bay of Plenty,990.5,11960.5,12951.0,100.0,16,16,MainPack
2021-04-22,00210152,TAKITIMU DRIVE - Telemetry Site 105 - Inc ,04 - Bay of Plenty,2440.0,23517.0,25957.0,100.0,16,16,MainPack
2021-04-22,00210180,TEL Toll Gantry -Telemetry Site 122 - EB,04 - Bay of Plenty,975.5,6255.5,7231.0,100.0,16,16,MainPack
2021-04-22,00220152,TAKITIMU DRIVE - Telemetry Site 105 - Dec ,04 - Bay of Plenty,2262.0,23254.0,25516.0,100.0,16,16,MainPack
2021-04-22,00220180,TEL Toll Gantry -Telemetry Site 122 - WB,04 - Bay of Plenty,976.5,5627.5,6604.0,97.24,16,16,MainPack
2021-04-23,00200132,Whakamarama Telemetry Site 124,04 - Bay of Plenty,1839.5,13976.5,15816.0,100.0,16,16,MainPack
2021-04-23,00200141,TE PUNA - Telemetry Site 65 - West of Snodgrass,04 - Bay of Plenty,1983.5,22799.5,24783.0,100.0,16,16,MainPack
2021-04-23,00200166,KAIRUA - Telemetry Site 120 - (WIM Site),04 - Bay of Plenty,4356.0,37094.0,41450.0,100.0,16,16,MainPack
2021-04-23,00200200,OHINEPANEA - Telemetry Site 13 - West of Rogers Rd,04 - Bay of Plenty,1317.5,8343.5,9661.0,100.0,16,16,MainPack
2021-04-23,00200242,AWAKERI - Telemetry Site 92,04 - Bay of Plenty,1148.5,12250.5,13399.0,100.0,16,16,MainPack
2021-04-23,00210152,TAKITIMU DRIVE - Telemetry Site 105 - Inc ,04 - Bay of Plenty,2329.5,23018.5,25348.0,100.0,16,16,MainPack
2021-04-23,00210180,TEL Toll Gantry -Telemetry Site 122 - EB,04 - Bay of Plenty,998.5,7061.5,8060.0,100.0,16,16,MainPack
2021-04-23,00220152,TAKITIMU DRIVE - Telemetry Site 105 - Dec ,04 - Bay of Plenty,2269.5,22975.5,25245.0,100.0,16,16,MainPack
2021-04-23,00220180,TEL Toll Gantry -Telemetry Site 122 - WB,04 - Bay of Plenty,1042.0,6170.0,7212.0,100.0,16,16,MainPack
2021-04-24,00200132,Whakamarama Telemetry Site 124,04 - Bay of Plenty,1104.5,12621.5,13726.0,100.0,16,16,MainPack
2021-04-24,00200141,TE PUNA - Telemetry Site 65 - West of Snodgrass,04 - Bay of Plenty,1073.5,19993.5,21067.0,100.0,16,16,MainPack
2021-04-24,00200166,KAIRUA - Telemetry Site 120 - (WIM Site),04 - Bay of Plenty,1596.0,30620.0,32216.0,100.0,16,16,MainPack
2021-04-24,00200200,OHINEPANEA - Telemetry Site 13 - West of Rogers Rd,04 - Bay of Plenty,698.0,7331.0,8029.0,100.0,16,16,MainPack
2021-04-24,00200242,AWAKERI - Telemetry Site 92,04 - Bay of Plenty,529.5,9745.5,10275.0,100.0,16,16,MainPack
2021-04-24,00210152,TAKITIMU DRIVE - Telemetry Site 105 - Inc ,04 - Bay of Plenty,1045.5,17309.5,18355.0,100.0,16,16,MainPack
2021-04-24,00210180,TEL Toll Gantry -Telemetry Site 122 - EB,04 - Bay of Plenty,460.5,6138.5,6599.0,85.45,16,16,MainPack
2021-04-24,00220152,TAKITIMU DRIVE - Telemetry Site 105 - Dec ,04 - Bay of Plenty,985.5,17020.5,18006.0,100.0,16,16,MainPack
2021-04-24,00220180,TEL Toll Gantry -Telemetry Site 122 - WB,04 - Bay of Plenty,430.0,5204.0,5634.0,73.8,16,16,MainPack
2021-04-25,00200132,Whakamarama Telemetry Site 124,04 - Bay of Plenty,813.5,11295.5,12109.0,100.0,16,16,MainPack
2021-04-25,00200141,TE PUNA - Telemetry Site 65 - West of Snodgrass,04 - Bay of Plenty,715.0,17205.0,17920.0,100.0,16,16,MainPack
2021-04-25,00200166,KAIRUA - Telemetry Site 120 - (WIM Site),04 - Bay of Plenty,1445.0,26773.0,28218.0,100.0,16,16,MainPack
2021-04-25,00200200,OHINEPANEA - Telemetry Site 13 - West of Rogers Rd,04 - Bay of Plenty,434.5,6101.5,6536.0,84.15,16,16,MainPack
2021-04-25,00200242,AWAKERI - Telemetry Site 92,04 - Bay of Plenty,399.0,8296.0,8695.0,100.0,16,16,MainPack
2021-04-25,00210152,TAKITIMU DRIVE - Telemetry Site 105 - Inc ,04 - Bay of Plenty,537.0,14199.0,14736.0,100.0,16,16,MainPack
2021-04-25,00210180,TEL Toll Gantry -Telemetry Site 122 - EB,04 - Bay of Plenty,357.0,4702.0,5059.0,65.6,16,16,MainPack
2021-04-25,00220152,TAKITIMU DRIVE - Telemetry Site 105 - Dec ,04 - Bay of Plenty,548.5,14286.5,14835.0,100.0,16,16,MainPack
2021-04-25,00220180,TEL Toll Gantry -Telemetry Site 122 - WB,04 - Bay of Plenty,403.0,4641.0,5044.0,66.48,16,16,MainPack
2021-04-26,00200132,Whakamarama Telemetry Site 124,04 - Bay of Plenty,891.5,11151.5,12043.0,100.0,17,17,MainPack
2021-04-26,00200141,TE PUNA - Telemetry Site 65 - West of Snodgrass,04 - Bay of Plenty,876.5,17045.5,17922.0,100.0,17,17,MainPack
2021-04-26,00200166,KAIRUA - Telemetry Site 120 - (WIM Site),04 - Bay of Plenty,1431.0,26535.0,27966.0,100.0,17,17,MainPack
2021-04-26,00200200,OHINEPANEA - Telemetry Site 13 - West of Rogers Rd,04 - Bay of Plenty,574.0,5600.0,6174.0,83.2,17,17,MainPack
2021-04-26,00200242,AWAKERI - Telemetry Site 92,04 - Bay of Plenty,515.0,8286.0,8801.0,100.0,17,17,MainPack
2021-04-26,00210152,TAKITIMU DRIVE - Telemetry Site 105 - Inc ,04 - Bay of Plenty,697.0,13596.0,14293.0,100.0,17,17,MainPack
2021-04-26,00210180,TEL Toll Gantry -Telemetry Site 122 - EB,04 - Bay of Plenty,392.5,4588.5,4981.0,65.52,17,17,MainPack
2021-04-26,00220152,TAKITIMU DRIVE - Telemetry Site 105 - Dec ,04 - Bay of Plenty,692.0,14242.0,14934.0,100.0,17,17,MainPack
2021-04-26,00220180,TEL Toll Gantry -Telemetry Site 122 - WB,04 - Bay of Plenty,537.5,5476.5,6014.0,80.56,17,17,MainPack
2021-04-27,00200132,Whakamarama Telemetry Site 124,04 - Bay of Plenty,1604.0,12476.0,14080.0,100.0,17,17,MainPack
2021-04-27,00200141,TE PUNA - Telemetry Site 65 - West of Snodgrass,04 - Bay of Plenty,1836.0,21877.0,23713.0,100.0,17,17,MainPack
2021-04-27,00200166,KAIRUA - Telemetry Site 120 - (WIM Site),04 - Bay of Plenty,4272.0,34981.0,39253.0,100.0,17,17,MainPack
2021-04-27,00200200,OHINEPANEA - Telemetry Site 13 - West of Rogers Rd,04 - Bay of Plenty,1206.0,6723.0,7929.0,100.0,17,17,MainPack
2021-04-27,00200242,AWAKERI - Telemetry Site 92,04 - Bay of Plenty,1082.0,11330.0,12412.0,100.0,17,17,MainPack
2021-04-27,00210152,TAKITIMU DRIVE - Telemetry Site 105 - Inc ,04 - Bay of Plenty,2217.5,22614.5,24832.0,100.0,17,17,MainPack
2021-04-27,00210180,TEL Toll Gantry -Telemetry Site 122 - EB,04 - Bay of Plenty,931.5,5498.5,6430.0,94.24,17,17,MainPack
2021-04-27,00220152,TAKITIMU DRIVE - Telemetry Site 105 - Dec ,04 - Bay of Plenty,2183.0,22264.0,24447.0,100.0,17,17,MainPack
2021-04-27,00220180,TEL Toll Gantry -Telemetry Site 122 - WB,04 - Bay of Plenty,999.0,5410.0,6409.0,95.53,17,17,MainPack
2021-04-28,00200141,TE PUNA - Telemetry Site 65 - West of Snodgrass,04 - Bay of Plenty,1981.5,22164.5,24146.0,100.0,17,17,MainPack
2021-04-28,00200166,KAIRUA - Telemetry Site 120 - (WIM Site),04 - Bay of Plenty,4090.0,35987.0,40077.0,100.0,17,17,MainPack
2021-04-28,00200200,OHINEPANEA - Telemetry Site 13 - West of Rogers Rd,04 - Bay of Plenty,1264.0,6884.0,8148.0,100.0,17,17,MainPack
2021-04-28,00200242,AWAKERI - Telemetry Site 92,04 - Bay of Plenty,1112.0,11870.0,12982.0,100.0,17,17,MainPack
2021-04-28,00210152,TAKITIMU DRIVE - Telemetry Site 105 - Inc ,04 - Bay of Plenty,2363.0,23281.0,25644.0,100.0,17,17,MainPack
2021-04-28,00210180,TEL Toll Gantry -Telemetry Site 122 - EB,04 - Bay of Plenty,969.5,5677.5,6647.0,97.57,17,17,MainPack
2021-04-28,00220152,TAKITIMU DRIVE - Telemetry Site 105 - Dec ,04 - Bay of Plenty,2220.0,22968.0,25188.0,100.0,17,17,MainPack
2021-04-28,00220180,TEL Toll Gantry -Telemetry Site 122 - WB,04 - Bay of Plenty,1087.0,5491.0,6578.0,99.45,17,17,MainPack
2021-04-29,00200141,TE PUNA - Telemetry Site 65 - West of Snodgrass,04 - Bay of Plenty,2060.0,22556.0,24616.0,100.0,17,17,MainPack
2021-04-29,00200143,340m past Snodgrass Rd,04 - Bay of Plenty,2129.0,22803.0,24932.0,100.0,17,17,MainPack
2021-04-29,00200146,480m Nth of Wairoa Rd,04 - Bay of Plenty,0.0,28473.0,28473.0,100.0,17,17,MainPack
2021-04-29,00200166,KAIRUA - Telemetry Site 120 - (WIM Site),04 - Bay of Plenty,4271.0,36558.0,40829.0,100.0,17,17,MainPack
2021-04-29,00200200,OHINEPANEA - Telemetry Site 13 - West of Rogers Rd,04 - Bay of Plenty,1208.5,7196.5,8405.0,100.0,17,17,MainPack
2021-04-29,00200242,AWAKERI - Telemetry Site 92,04 - Bay of Plenty,1183.0,12154.0,13337.0,100.0,17,17,MainPack
2021-04-29,00210152,TAKITIMU DRIVE - Telemetry Site 105 - Inc ,04 - Bay of Plenty,2454.0,22999.0,25453.0,100.0,17,17,MainPack
2021-04-29,00210158,140m past Jean Batten Drive - INC,04 - Bay of Plenty,0.0,20104.0,20104.0,100.0,17,17,MainPack
2021-04-29,00210160,Nth of Spur Ave - Inc Lanes,04 - Bay of Plenty,0.0,24244.0,24244.0,100.0,17,17,MainPack
2021-04-29,00210165,475 mt West of Sandhurst Drive - Inc Lane,04 - Bay of Plenty,1560.5,15869.5,17430.0,100.0,17,17,MainPack
2021-04-29,00210180,TEL Toll Gantry -Telemetry Site 122 - EB,04 - Bay of Plenty,980.0,5980.0,6960.0,100.0,17,17,MainPack
2021-04-29,00210182,1.5km South of TEL Toll Gantry - SB ,04 - Bay of Plenty,906.0,6016.0,6922.0,99.25,17,17,MainPack
2021-04-29,00220152,TAKITIMU DRIVE - Telemetry Site 105 - Dec ,04 - Bay of Plenty,2299.0,23032.0,25331.0,100.0,17,17,MainPack
2021-04-29,00220158,300m past Jean Batten Drive - DEC,04 - Bay of Plenty,0.0,20405.0,20405.0,100.0,17,17,MainPack
2021-04-29,00220160,Nth of Spur Ave - Dec Lanes,04 - Bay of Plenty,0.0,20105.0,20105.0,100.0,17,17,MainPack
2021-04-29,00220180,TEL Toll Gantry -Telemetry Site 122 - WB,04 - Bay of Plenty,1090.5,5879.5,6970.0,100.0,17,17,MainPack
2021-04-30,00200141,TE PUNA - Telemetry Site 65 - West of Snodgrass,04 - Bay of Plenty,2077.0,23167.0,25244.0,100.0,17,17,MainPack
2021-04-30,00200143,340m past Snodgrass Rd,04 - Bay of Plenty,2145.5,23515.5,25661.0,100.0,17,17,MainPack
2021-04-30,00200146,480m Nth of Wairoa Rd,04 - Bay of Plenty,0.0,29195.0,29195.0,100.0,17,17,MainPack
2021-04-30,00200166,KAIRUA - Telemetry Site 120 - (WIM Site),04 - Bay of Plenty,4210.0,37264.0,41474.0,100.0,17,17,MainPack
2021-04-30,00200242,AWAKERI - Telemetry Site 92,04 - Bay of Plenty,1150.0,12253.0,13403.0,100.0,17,17,MainPack
2021-04-30,00200285,100m before Wainui Rd,04 - Bay of Plenty,599.0,1789.0,2388.0,40.75,17,17,MainPack
2021-04-30,00200286,240m South of Kutarere Rd,04 - Bay of Plenty,879.0,4990.0,5869.0,86.67,17,17,MainPack
2021-04-30,00200298,525m before Paerata Ridge Rd (Before Opotiki),04 - Bay of Plenty,904.0,5422.0,6326.0,92.43,17,17,MainPack
2021-04-30,00200308,437m Nth of Matchetts Rd,04 - Bay of Plenty,465.0,1718.0,2183.0,35.38,17,17,MainPack
2021-04-30,00210152,TAKITIMU DRIVE - Telemetry Site 105 - Inc ,04 - Bay of Plenty,2379.5,23461.5,25841.0,100.0,17,17,MainPack
2021-04-30,00210158,140m past Jean Batten Drive - INC,04 - Bay of Plenty,0.0,19922.0,19922.0,100.0,17,17,MainPack
2021-04-30,00210160,Nth of Spur Ave - Inc Lanes,04 - Bay of Plenty,0.0,24441.0,24441.0,100.0,17,17,MainPack
2021-04-30,00210165,475 mt West of Sandhurst Drive - Inc Lane,04 - Bay of Plenty,1497.0,16147.0,17644.0,100.0,17,17,MainPack
2021-04-30,00210180,TEL Toll Gantry -Telemetry Site 122 - EB,04 - Bay of Plenty,964.0,6430.0,7394.0,100.0,17,17,MainPack
2021-04-30,00210182,1.5km South of TEL Toll Gantry - SB ,04 - Bay of Plenty,878.0,6446.0,7324.0,100.0,17,17,MainPack
2021-04-30,00220152,TAKITIMU DRIVE - Telemetry Site 105 - Dec ,04 - Bay of Plenty,2245.5,23139.5,25385.0,100.0,17,17,MainPack
2021-04-30,00220158,300m past Jean Batten Drive - DEC,04 - Bay of Plenty,0.0,20245.0,20245.0,100.0,17,17,MainPack
2021-04-30,00220160,Nth of Spur Ave - Dec Lanes,04 - Bay of Plenty,0.0,20181.0,20181.0,100.0,17,17,MainPack
2021-04-30,00220180,TEL Toll Gantry -Telemetry Site 122 - WB,04 - Bay of Plenty,1099.5,6221.5,7321.0,100.0,17,17,MainPack
2021-05-01,00200141,TE PUNA - Telemetry Site 65 - West of Snodgrass,04 - Bay of Plenty,1016.5,19226.5,20243.0,100.0,17,17,MainPack
2021-05-01,00200143,340m past Snodgrass Rd,04 - Bay of Plenty,1059.5,19558.5,20618.0,100.0,17,17,MainPack
2021-05-01,00200146,480m Nth of Wairoa Rd,04 - Bay of Plenty,0.0,23672.0,23672.0,100.0,17,17,MainPack
2021-05-01,00200166,KAIRUA - Telemetry Site 120 - (WIM Site),04 - Bay of Plenty,2038.0,32192.0,34230.0,100.0,17,17,MainPack
2021-05-01,00200242,AWAKERI - Telemetry Site 92,04 - Bay of Plenty,503.5,9340.5,9844.0,100.0,17,17,MainPack
2021-05-01,00200285,100m before Wainui Rd,04 - Bay of Plenty,258.0,1417.0,1675.0,24.9,17,17,MainPack
2021-05-01,00200286,240m South of Kutarere Rd,04 - Bay of Plenty,498.0,3890.0,4388.0,61.18,17,17,MainPack
2021-05-01,00200298,525m before Paerata Ridge Rd (Before Opotiki),04 - Bay of Plenty,441.0,4350.0,4791.0,64.47,17,17,MainPack
2021-05-01,00200308,437m Nth of Matchetts Rd,04 - Bay of Plenty,257.0,1498.0,1755.0,25.78,17,17,MainPack
2021-05-01,00210152,TAKITIMU DRIVE - Telemetry Site 105 - Inc ,04 - Bay of Plenty,984.0,17569.0,18553.0,100.0,17,17,MainPack
2021-05-01,00210158,140m past Jean Batten Drive - INC,04 - Bay of Plenty,0.0,15907.0,15907.0,100.0,17,17,MainPack
2021-05-01,00210160,Nth of Spur Ave - Inc Lanes,04 - Bay of Plenty,0.0,20889.0,20889.0,100.0,17,17,MainPack
2021-05-01,00210165,475 mt West of Sandhurst Drive - Inc Lane,04 - Bay of Plenty,811.5,14581.5,15393.0,100.0,17,17,MainPack
2021-05-01,00210180,TEL Toll Gantry -Telemetry Site 122 - EB,04 - Bay of Plenty,495.5,5498.5,5994.0,79.38,17,17,MainPack
2021-05-01,00210182,1.5km South of TEL Toll Gantry - SB ,04 - Bay of Plenty,443.5,5485.5,5929.0,77.45,17,17,MainPack
2021-05-01,00220152,TAKITIMU DRIVE - Telemetry Site 105 - Dec ,04 - Bay of Plenty,937.0,17653.0,18590.0,100.0,17,17,MainPack
2021-05-01,00220158,300m past Jean Batten Drive - DEC,04 - Bay of Plenty,0.0,16795.0,16795.0,100.0,17,17,MainPack
2021-05-01,00220160,Nth of Spur Ave - Dec Lanes,04 - Bay of Plenty,0.0,17212.0,17212.0,100.0,17,17,MainPack
2021-05-01,00220180,TEL Toll Gantry -Telemetry Site 122 - WB,04 - Bay of Plenty,573.5,5488.5,6062.0,81.92,17,17,MainPack
2021-05-02,00200141,TE PUNA - Telemetry Site 65 - West of Snodgrass,04 - Bay of Plenty,748.5,17526.5,18275.0,100.0,17,17,MainPack
2021-05-02,00200143,340m past Snodgrass Rd,04 - Bay of Plenty,795.0,17865.0,18660.0,100.0,17,17,MainPack
2021-05-02,00200146,480m Nth of Wairoa Rd,04 - Bay of Plenty,0.0,20816.0,20816.0,100.0,17,17,MainPack
2021-05-02,00200166,KAIRUA - Telemetry Site 120 - (WIM Site),04 - Bay of Plenty,1375.0,27999.0,29374.0,100.0,17,17,MainPack
2021-05-02,00200242,AWAKERI - Telemetry Site 92,04 - Bay of Plenty,453.5,8810.5,9264.0,100.0,17,17,MainPack
2021-05-02,00200285,100m before Wainui Rd,04 - Bay of Plenty,247.0,1448.0,1695.0,24.88,17,17,MainPack
2021-05-02,00200286,240m South of Kutarere Rd,04 - Bay of Plenty,436.0,3871.0,4307.0,58.85,17,17,MainPack
2021-05-02,00200298,525m before Paerata Ridge Rd (Before Opotiki),04 - Bay of Plenty,403.0,4116.0,4519.0,60.51,17,17,MainPack
2021-05-02,00200308,437m Nth of Matchetts Rd,04 - Bay of Plenty,253.0,1638.0,1891.0,27.24,17,17,MainPack
2021-05-02,00210152,TAKITIMU DRIVE - Telemetry Site 105 - Inc ,04 - Bay of Plenty,604.0,14637.0,15241.0,100.0,17,17,MainPack
2021-05-02,00210158,140m past Jean Batten Drive - INC,04 - Bay of Plenty,0.0,13308.0,13308.0,100.0,17,17,MainPack
2021-05-02,00210160,Nth of Spur Ave - Inc Lanes,04 - Bay of Plenty,0.0,17530.0,17530.0,100.0,17,17,MainPack
2021-05-02,00210165,475 mt West of Sandhurst Drive - Inc Lane,04 - Bay of Plenty,613.0,13381.0,13994.0,100.0,17,17,MainPack
2021-05-02,00210180,TEL Toll Gantry -Telemetry Site 122 - EB,04 - Bay of Plenty,395.0,5139.0,5534.0,71.86,17,17,MainPack
2021-05-02,00210182,1.5km South of TEL Toll Gantry - SB ,04 - Bay of Plenty,352.5,5114.5,5467.0,70.14,17,17,MainPack
2021-05-02,00220152,TAKITIMU DRIVE - Telemetry Site 105 - Dec ,04 - Bay of Plenty,645.5,15460.5,16106.0,100.0,17,17,MainPack
2021-05-02,00220158,300m past Jean Batten Drive - DEC,04 - Bay of Plenty,0.0,14405.0,14405.0,100.0,17,17,MainPack
2021-05-02,00220160,Nth of Spur Ave - Dec Lanes,04 - Bay of Plenty,0.0,13969.0,13969.0,100.0,17,17,MainPack
2021-05-02,00220180,TEL Toll Gantry -Telemetry Site 122 - WB,04 - Bay of Plenty,413.5,5342.5,5756.0,74.81,17,17,MainPack
2021-05-03,00200141,TE PUNA - Telemetry Site 65 - West of Snodgrass,04 - Bay of Plenty,2058.5,20389.5,22448.0,100.0,18,18,MainPack
2021-05-03,00200143,340m past Snodgrass Rd,04 - Bay of Plenty,2084.5,20202.5,22287.0,100.0,18,18,MainPack
2021-05-03,00200146,480m Nth of Wairoa Rd,04 - Bay of Plenty,0.0,25426.0,25426.0,100.0,18,18,MainPack
2021-05-03,00200166,KAIRUA - Telemetry Site 120 - (WIM Site),04 - Bay of Plenty,4060.0,33960.0,38020.0,100.0,18,18,MainPack
2021-05-03,00200242,AWAKERI - Telemetry Site 92,04 - Bay of Plenty,1076.5,10931.5,12008.0,100.0,18,18,MainPack
2021-05-03,00200285,100m before Wainui Rd,04 - Bay of Plenty,561.0,1574.0,2135.0,37.01,18,18,MainPack
2021-05-03,00200286,240m South of Kutarere Rd,04 - Bay of Plenty,838.0,3922.0,4760.0,73.14,18,18,MainPack
2021-05-03,00200298,525m before Paerata Ridge Rd (Before Opotiki),04 - Bay of Plenty,839.0,4473.0,5312.0,79.43,18,18,MainPack
2021-05-03,00200308,437m Nth of Matchetts Rd,04 - Bay of Plenty,393.0,1271.0,1664.0,27.84,18,18,MainPack
2021-05-03,00210152,TAKITIMU DRIVE - Telemetry Site 105 - Inc ,04 - Bay of Plenty,2300.0,21406.0,23706.0,100.0,18,18,MainPack
2021-05-03,00210158,140m past Jean Batten Drive - INC,04 - Bay of Plenty,0.0,18341.0,18341.0,100.0,18,18,MainPack
2021-05-03,00210160,Nth of Spur Ave - Inc Lanes,04 - Bay of Plenty,0.0,22121.0,22121.0,100.0,18,18,MainPack
2021-05-03,00210165,475 mt West of Sandhurst Drive - Inc Lane,04 - Bay of Plenty,1522.5,15361.5,16884.0,100.0,18,18,MainPack
2021-05-03,00210180,TEL Toll Gantry -Telemetry Site 122 - EB,04 - Bay of Plenty,917.5,5077.5,5995.0,88.98,18,18,MainPack
2021-05-03,00210182,1.5km South of TEL Toll Gantry - SB ,04 - Bay of Plenty,837.0,5131.0,5968.0,86.84,18,18,MainPack
2021-05-03,00220152,TAKITIMU DRIVE - Telemetry Site 105 - Dec ,04 - Bay of Plenty,2251.0,21062.0,23313.0,100.0,18,18,MainPack
2021-05-03,00220158,300m past Jean Batten Drive - DEC,04 - Bay of Plenty,0.0,19116.0,19116.0,100.0,18,18,MainPack
2021-05-03,00220160,Nth of Spur Ave - Dec Lanes,04 - Bay of Plenty,0.0,18044.0,18044.0,100.0,18,18,MainPack
2021-05-03,00220180,TEL Toll Gantry -Telemetry Site 122 - WB,04 - Bay of Plenty,902.0,4841.0,5743.0,85.76,18,18,MainPack
2021-05-04,00200141,TE PUNA - Telemetry Site 65 - West of Snodgrass,04 - Bay of Plenty,2002.5,21279.5,23282.0,100.0,18,18,MainPack
2021-05-04,00200143,340m past Snodgrass Rd,04 - Bay of Plenty,2072.5,20904.5,22977.0,100.0,18,18,MainPack
2021-05-04,00200146,480m Nth of Wairoa Rd,04 - Bay of Plenty,0.0,26197.0,26197.0,100.0,18,18,MainPack
2021-05-04,00200166,KAIRUA - Telemetry Site 120 - (WIM Site),04 - Bay of Plenty,4365.0,34993.0,39358.0,100.0,18,18,MainPack
2021-05-04,00200242,AWAKERI - Telemetry Site 92,04 - Bay of Plenty,1028.0,11806.0,12834.0,100.0,18,18,MainPack
2021-05-04,00200285,100m before Wainui Rd,04 - Bay of Plenty,592.0,1434.0,2026.0,36.48,18,18,MainPack
2021-05-04,00200286,240m South of Kutarere Rd,04 - Bay of Plenty,812.0,4226.0,5038.0,75.7,18,18,MainPack
2021-05-04,00200298,525m before Paerata Ridge Rd (Before Opotiki),04 - Bay of Plenty,816.0,4544.0,5360.0,79.45,18,18,MainPack
2021-05-04,00200308,437m Nth of Matchetts Rd,04 - Bay of Plenty,411.0,1328.0,1739.0,29.1,18,18,MainPack
2021-05-04,00210152,TAKITIMU DRIVE - Telemetry Site 105 - Inc ,04 - Bay of Plenty,2423.0,22825.0,25248.0,100.0,18,18,MainPack
2021-05-04,00210158,140m past Jean Batten Drive - INC,04 - Bay of Plenty,0.0,19056.0,19056.0,100.0,18,18,MainPack
2021-05-04,00210160,Nth of Spur Ave - Inc Lanes,04 - Bay of Plenty,0.0,22977.0,22977.0,100.0,18,18,MainPack
2021-05-04,00210165,475 mt West of Sandhurst Drive - Inc Lane,04 - Bay of Plenty,1554.0,15561.0,17115.0,100.0,18,18,MainPack
2021-05-04,00210180,TEL Toll Gantry -Telemetry Site 122 - EB,04 - Bay of Plenty,953.5,5210.5,6164.0,91.72,18,18,MainPack
2021-05-04,00210182,1.5km South of TEL Toll Gantry - SB ,04 - Bay of Plenty,876.5,5225.5,6102.0,89.26,18,18,MainPack
2021-05-04,00220152,TAKITIMU DRIVE - Telemetry Site 105 - Dec ,04 - Bay of Plenty,2319.5,22182.5,24502.0,100.0,18,18,MainPack
2021-05-04,00220158,300m past Jean Batten Drive - DEC,04 - Bay of Plenty,0.0,19541.0,19541.0,100.0,18,18,MainPack
2021-05-04,00220160,Nth of Spur Ave - Dec Lanes,04 - Bay of Plenty,0.0,20304.0,20304.0,100.0,18,18,MainPack
2021-05-04,00220180,TEL Toll Gantry -Telemetry Site 122 - WB,04 - Bay of Plenty,1002.0,5024.0,6026.0,91.25,18,18,MainPack
2021-05-05,00200141,TE PUNA - Telemetry Site 65 - West of Snodgrass,04 - Bay of Plenty,1945.5,21731.5,23677.0,100.0,18,18,MainPack
2021-05-05,00200143,340m past Snodgrass Rd,04 - Bay of Plenty,1963.5,21303.5,23267.0,100.0,18,18,MainPack
2021-05-05,00200146,480m Nth of Wairoa Rd,04 - Bay of Plenty,0.0,26687.0,26687.0,100.0,18,18,MainPack
2021-05-05,00200166,KAIRUA - Telemetry Site 120 - (WIM Site),04 - Bay of Plenty,4385.0,35823.0,40208.0,100.0,18,18,MainPack
2021-05-05,00200242,AWAKERI - Telemetry Site 92,04 - Bay of Plenty,1080.5,12462.5,13543.0,100.0,18,18,MainPack
2021-05-05,00200285,100m before Wainui Rd,04 - Bay of Plenty,669.0,1621.0,2290.0,41.23,18,18,MainPack
2021-05-05,00200286,240m South of Kutarere Rd,04 - Bay of Plenty,905.0,4304.0,5209.0,79.76,18,18,MainPack
2021-05-05,00200298,525m before Paerata Ridge Rd (Before Opotiki),04 - Bay of Plenty,883.0,4778.0,5661.0,84.4,18,18,MainPack
2021-05-05,00200308,437m Nth of Matchetts Rd,04 - Bay of Plenty,402.0,1308.0,1710.0,28.57,18,18,MainPack
2021-05-05,00210152,TAKITIMU DRIVE - Telemetry Site 105 - Inc ,04 - Bay of Plenty,2359.5,23228.5,25588.0,100.0,18,18,MainPack
2021-05-05,00210158,140m past Jean Batten Drive - INC,04 - Bay of Plenty,0.0,19670.0,19670.0,100.0,18,18,MainPack
2021-05-05,00210160,Nth of Spur Ave - Inc Lanes,04 - Bay of Plenty,0.0,24103.0,24103.0,100.0,18,18,MainPack
2021-05-05,00210165,475 mt West of Sandhurst Drive - Inc Lane,04 - Bay of Plenty,1551.0,16195.0,17746.0,100.0,18,18,MainPack
2021-05-05,00210180,TEL Toll Gantry -Telemetry Site 122 - EB,04 - Bay of Plenty,965.0,5383.0,6348.0,94.07,18,18,MainPack
2021-05-05,00210182,1.5km South of TEL Toll Gantry - SB ,04 - Bay of Plenty,899.0,5395.0,6294.0,91.95,18,18,MainPack
2021-05-05,00220152,TAKITIMU DRIVE - Telemetry Site 105 - Dec ,04 - Bay of Plenty,2206.5,22803.5,25010.0,100.0,18,18,MainPack
2021-05-05,00220158,300m past Jean Batten Drive - DEC,04 - Bay of Plenty,0.0,20539.0,20539.0,100.0,18,18,MainPack
2021-05-05,00220160,Nth of Spur Ave - Dec Lanes,04 - Bay of Plenty,0.0,20139.0,20139.0,100.0,18,18,MainPack
2021-05-05,00220180,TEL Toll Gantry -Telemetry Site 122 - WB,04 - Bay of Plenty,1031.5,5191.5,6223.0,94.16,18,18,MainPack
2021-05-06,00200141,TE PUNA - Telemetry Site 65 - West of Snodgrass,04 - Bay of Plenty,1964.0,21887.0,23851.0,100.0,18,18,MainPack
2021-05-06,00200166,KAIRUA - Telemetry Site 120 - (WIM Site),04 - Bay of Plenty,4181.0,35941.0,40122.0,100.0,18,18,MainPack
2021-05-06,00200242,AWAKERI - Telemetry Site 92,04 - Bay of Plenty,1182.5,12593.5,13776.0,100.0,18,18,MainPack
2021-05-06,00200285,100m before Wainui Rd,04 - Bay of Plenty,707.0,1886.0,2593.0,45.53,18,18,MainPack
2021-05-06,00200286,240m South of Kutarere Rd,04 - Bay of Plenty,967.0,4759.0,5726.0,87.05,18,18,MainPack
2021-05-06,00200298,525m before Paerata Ridge Rd (Before Opotiki),04 - Bay of Plenty,972.0,5290.0,6262.0,93.25,18,18,MainPack
2021-05-06,00200308,437m Nth of Matchetts Rd,04 - Bay of Plenty,451.0,1263.0,1714.0,29.73,18,18,MainPack
2021-05-06,00210152,TAKITIMU DRIVE - Telemetry Site 105 - Inc ,04 - Bay of Plenty,2429.0,23390.0,25819.0,100.0,18,18,MainPack
2021-05-06,00210180,TEL Toll Gantry -Telemetry Site 122 - EB,04 - Bay of Plenty,945.5,5385.5,6331.0,93.43,18,18,MainPack
2021-05-06,00220152,TAKITIMU DRIVE - Telemetry Site 105 - Dec ,04 - Bay of Plenty,2272.5,22813.5,25086.0,100.0,18,18,MainPack
2021-05-06,00220180,TEL Toll Gantry -Telemetry Site 122 - WB,04 - Bay of Plenty,985.5,5229.5,6215.0,93.02,18,18,MainPack
2021-05-07,00200141,TE PUNA - Telemetry Site 65 - West of Snodgrass,04 - Bay of Plenty,1917.5,23142.5,25060.0,100.0,18,18,MainPack
2021-05-07,00200166,KAIRUA - Telemetry Site 120 - (WIM Site),04 - Bay of Plenty,4244.0,37112.0,41356.0,100.0,18,18,MainPack
2021-05-07,00200242,AWAKERI - Telemetry Site 92,04 - Bay of Plenty,1084.5,12580.5,13665.0,100.0,18,18,MainPack
2021-05-07,00210152,TAKITIMU DRIVE - Telemetry Site 105 - Inc ,04 - Bay of Plenty,2335.0,24153.0,26488.0,100.0,18,18,MainPack
2021-05-07,00210180,TEL Toll Gantry -Telemetry Site 122 - EB,04 - Bay of Plenty,973.5,5934.5,6908.0,100.0,18,18,MainPack
2021-05-07,00220152,TAKITIMU DRIVE - Telemetry Site 105 - Dec ,04 - Bay of Plenty,2242.0,23497.0,25739.0,100.0,18,18,MainPack
2021-05-07,00220180,TEL Toll Gantry -Telemetry Site 122 - WB,04 - Bay of Plenty,1071.0,5904.0,6975.0,100.0,18,18,MainPack
2021-05-08,00200141,TE PUNA - Telemetry Site 65 - West of Snodgrass,04 - Bay of Plenty,916.0,20139.0,21055.0,100.0,18,18,MainPack
2021-05-08,00200166,KAIRUA - Telemetry Site 120 - (WIM Site),04 - Bay of Plenty,1654.0,31464.0,33118.0,100.0,18,18,MainPack
2021-05-08,00200242,AWAKERI - Telemetry Site 92,04 - Bay of Plenty,547.0,9461.0,10008.0,100.0,18,18,MainPack
2021-05-08,00210152,TAKITIMU DRIVE - Telemetry Site 105 - Inc ,04 - Bay of Plenty,864.0,18072.0,18936.0,100.0,18,18,MainPack
2021-05-08,00210180,TEL Toll Gantry -Telemetry Site 122 - EB,04 - Bay of Plenty,393.0,5044.0,5437.0,70.72,18,18,MainPack
2021-05-08,00220152,TAKITIMU DRIVE - Telemetry Site 105 - Dec ,04 - Bay of Plenty,826.5,18080.5,18907.0,100.0,18,18,MainPack
2021-05-08,00220180,TEL Toll Gantry -Telemetry Site 122 - WB,04 - Bay of Plenty,435.0,4816.0,5251.0,69.56,18,18,MainPack
2021-05-09,00200141,TE PUNA - Telemetry Site 65 - West of Snodgrass,04 - Bay of Plenty,602.5,17930.5,18533.0,100.0,18,18,MainPack
2021-05-09,00200166,KAIRUA - Telemetry Site 120 - (WIM Site),04 - Bay of Plenty,1116.0,27945.0,29061.0,100.0,18,18,MainPack
2021-05-09,00200242,AWAKERI - Telemetry Site 92,04 - Bay of Plenty,334.0,8368.0,8702.0,100.0,18,18,MainPack
2021-05-09,00210152,TAKITIMU DRIVE - Telemetry Site 105 - Inc ,04 - Bay of Plenty,463.5,14165.5,14629.0,100.0,18,18,MainPack
2021-05-09,00210180,TEL Toll Gantry -Telemetry Site 122 - EB,04 - Bay of Plenty,293.5,4710.5,5004.0,63.53,18,18,MainPack
2021-05-09,00220152,TAKITIMU DRIVE - Telemetry Site 105 - Dec ,04 - Bay of Plenty,477.5,14778.5,15256.0,100.0,18,18,MainPack
2021-05-09,00220180,TEL Toll Gantry -Telemetry Site 122 - WB,04 - Bay of Plenty,338.0,4945.0,5283.0,67.72,18,18,MainPack
2021-05-10,00200141,TE PUNA - Telemetry Site 65 - West of Snodgrass,04 - Bay of Plenty,1749.0,19698.0,21447.0,100.0,19,19,MainPack
2021-05-10,00200166,KAIRUA - Telemetry Site 120 - (WIM Site),04 - Bay of Plenty,4109.0,33338.0,37447.0,100.0,19,19,MainPack
2021-05-10,00200242,AWAKERI - Telemetry Site 92,04 - Bay of Plenty,957.5,10820.5,11778.0,100.0,19,19,MainPack
2021-05-10,00210152,TAKITIMU DRIVE - Telemetry Site 105 - Inc ,04 - Bay of Plenty,2186.0,21712.0,23898.0,100.0,19,19,MainPack
2021-05-10,00210180,TEL Toll Gantry -Telemetry Site 122 - EB,04 - Bay of Plenty,868.0,4766.0,5634.0,83.75,19,19,MainPack
2021-05-10,00220152,TAKITIMU DRIVE - Telemetry Site 105 - Dec ,04 - Bay of Plenty,2130.0,21170.0,23300.0,100.0,19,19,MainPack
2021-05-10,00220180,TEL Toll Gantry -Telemetry Site 122 - WB,04 - Bay of Plenty,893.5,4598.5,5492.0,82.72,19,19,MainPack
2021-05-11,00200141,TE PUNA - Telemetry Site 65 - West of Snodgrass,04 - Bay of Plenty,1806.5,21324.5,23131.0,100.0,19,19,MainPack
2021-05-11,00200166,KAIRUA - Telemetry Site 120 - (WIM Site),04 - Bay of Plenty,4053.0,34773.0,38826.0,100.0,19,19,MainPack
2021-05-11,00200242,AWAKERI - Telemetry Site 92,04 - Bay of Plenty,959.0,11322.0,12281.0,100.0,19,19,MainPack
2021-05-11,00210180,TEL Toll Gantry -Telemetry Site 122 - EB,04 - Bay of Plenty,866.5,4896.5,5763.0,85.18,19,19,MainPack
2021-05-11,00220180,TEL Toll Gantry -Telemetry Site 122 - WB,04 - Bay of Plenty,967.5,4731.5,5699.0,86.75,19,19,MainPack
2021-05-12,00200141,TE PUNA - Telemetry Site 65 - West of Snodgrass,04 - Bay of Plenty,1887.5,21097.5,22985.0,100.0,19,19,MainPack
2021-05-12,00200166,KAIRUA - Telemetry Site 120 - (WIM Site),04 - Bay of Plenty,3971.0,35777.0,39748.0,100.0,19,19,MainPack
2021-05-12,00200242,AWAKERI - Telemetry Site 92,04 - Bay of Plenty,954.5,12077.5,13032.0,100.0,19,19,MainPack
2021-05-12,00210180,TEL Toll Gantry -Telemetry Site 122 - EB,04 - Bay of Plenty,856.0,4953.0,5809.0,85.47,19,19,MainPack
2021-05-12,00220180,TEL Toll Gantry -Telemetry Site 122 - WB,04 - Bay of Plenty,946.5,4897.5,5844.0,87.92,19,19,MainPack
2021-05-13,00200141,TE PUNA - Telemetry Site 65 - West of Snodgrass,04 - Bay of Plenty,2169.0,22661.0,24830.0,100.0,19,19,MainPack
2021-05-13,00200166,KAIRUA - Telemetry Site 120 - (WIM Site),04 - Bay of Plenty,4029.0,35536.0,39565.0,100.0,19,19,MainPack
2021-05-13,00200242,AWAKERI - Telemetry Site 92,04 - Bay of Plenty,986.5,11966.5,12953.0,100.0,19,19,MainPack
2021-05-13,00210180,TEL Toll Gantry -Telemetry Site 122 - EB,04 - Bay of Plenty,885.0,4987.0,5872.0,86.84,19,19,MainPack
2021-05-13,00220180,TEL Toll Gantry -Telemetry Site 122 - WB,04 - Bay of Plenty,969.0,5315.0,6284.0,93.43,19,19,MainPack
2021-05-14,00200141,TE PUNA - Telemetry Site 65 - West of Snodgrass,04 - Bay of Plenty,2079.0,23417.0,25496.0,100.0,19,19,MainPack
2021-05-14,00200166,KAIRUA - Telemetry Site 120 - (WIM Site),04 - Bay of Plenty,4140.0,38084.0,42224.0,100.0,19,19,MainPack
2021-05-14,00200242,AWAKERI - Telemetry Site 92,04 - Bay of Plenty,1079.5,12487.5,13567.0,100.0,19,19,MainPack
2021-05-14,00210180,TEL Toll Gantry -Telemetry Site 122 - EB,04 - Bay of Plenty,853.0,5938.0,6791.0,96.56,19,19,MainPack
2021-05-14,00220180,TEL Toll Gantry -Telemetry Site 122 - WB,04 - Bay of Plenty,957.0,5804.0,6761.0,98.58,19,19,MainPack
2021-05-15,00200132,Whakamarama Telemetry Site 124,04 - Bay of Plenty,885.0,11164.0,12049.0,100.0,19,19,MainPack
2021-05-15,00200141,TE PUNA - Telemetry Site 65 - West of Snodgrass,04 - Bay of Plenty,918.5,19060.5,19979.0,100.0,19,19,MainPack
2021-05-15,00200166,KAIRUA - Telemetry Site 120 - (WIM Site),04 - Bay of Plenty,1558.0,30698.0,32256.0,100.0,19,19,MainPack
2021-05-15,00200242,AWAKERI - Telemetry Site 92,04 - Bay of Plenty,426.0,9341.0,9767.0,100.0,19,19,MainPack
2021-05-15,00210180,TEL Toll Gantry -Telemetry Site 122 - EB,04 - Bay of Plenty,342.0,4736.0,5078.0,65.48,19,19,MainPack
2021-05-15,00220180,TEL Toll Gantry -Telemetry Site 122 - WB,04 - Bay of Plenty,375.5,4480.5,4856.0,63.72,19,19,MainPack
2021-05-16,00200132,Whakamarama Telemetry Site 124,04 - Bay of Plenty,692.0,10676.0,11368.0,100.0,19,19,MainPack
2021-05-16,00200141,TE PUNA - Telemetry Site 65 - West of Snodgrass,04 - Bay of Plenty,685.0,17476.0,18161.0,100.0,19,19,MainPack
2021-05-16,00200166,KAIRUA - Telemetry Site 120 - (WIM Site),04 - Bay of Plenty,1223.0,27387.0,28610.0,100.0,19,19,MainPack
2021-05-16,00200242,AWAKERI - Telemetry Site 92,04 - Bay of Plenty,439.5,8528.5,8968.0,100.0,19,19,MainPack
2021-05-16,00210180,TEL Toll Gantry -Telemetry Site 122 - EB,04 - Bay of Plenty,331.0,4625.0,4956.0,63.84,19,19,MainPack
2021-05-16,00220180,TEL Toll Gantry -Telemetry Site 122 - WB,04 - Bay of Plenty,378.5,4644.5,5023.0,65.68,19,19,MainPack
2021-05-17,00200132,Whakamarama Telemetry Site 124,04 - Bay of Plenty,1491.5,10710.5,12202.0,100.0,20,20,MainPack
2021-05-17,00200141,TE PUNA - Telemetry Site 65 - West of Snodgrass,04 - Bay of Plenty,1703.0,19912.0,21615.0,100.0,20,20,MainPack
2021-05-17,00200166,KAIRUA - Telemetry Site 120 - (WIM Site),04 - Bay of Plenty,3710.0,33635.0,37345.0,100.0,20,20,MainPack
2021-05-17,00200242,AWAKERI - Telemetry Site 92,04 - Bay of Plenty,889.5,10696.5,11586.0,100.0,20,20,MainPack
2021-05-17,00210180,TEL Toll Gantry -Telemetry Site 122 - EB,04 - Bay of Plenty,836.0,4908.0,5744.0,84.27,20,20,MainPack
2021-05-17,00220180,TEL Toll Gantry -Telemetry Site 122 - WB,04 - Bay of Plenty,875.5,4606.5,5482.0,82.19,20,20,MainPack
2021-05-18,00200132,Whakamarama Telemetry Site 124,04 - Bay of Plenty,1533.5,11115.5,12649.0,100.0,20,20,MainPack
2021-05-18,00200141,TE PUNA - Telemetry Site 65 - West of Snodgrass,04 - Bay of Plenty,1755.0,20824.0,22579.0,100.0,20,20,MainPack
2021-05-18,00200166,KAIRUA - Telemetry Site 120 - (WIM Site),04 - Bay of Plenty,3812.0,34476.0,38288.0,100.0,20,20,MainPack
2021-05-18,00200242,AWAKERI - Telemetry Site 92,04 - Bay of Plenty,906.5,11434.5,12341.0,100.0,20,20,MainPack
2021-05-18,00210180,TEL Toll Gantry -Telemetry Site 122 - EB,04 - Bay of Plenty,865.5,4985.5,5851.0,86.16,20,20,MainPack
2021-05-18,00220180,TEL Toll Gantry -Telemetry Site 122 - WB,04 - Bay of Plenty,919.5,4864.5,5784.0,86.62,20,20,MainPack
2021-05-19,00200132,Whakamarama Telemetry Site 124,04 - Bay of Plenty,1524.5,11888.5,13413.0,100.0,20,20,MainPack
2021-05-19,00200141,TE PUNA - Telemetry Site 65 - West of Snodgrass,04 - Bay of Plenty,1791.5,21612.5,23404.0,100.0,20,20,MainPack
2021-05-19,00200166,KAIRUA - Telemetry Site 120 - (WIM Site),04 - Bay of Plenty,3914.0,36023.0,39937.0,100.0,20,20,MainPack
2021-05-19,00200242,AWAKERI - Telemetry Site 92,04 - Bay of Plenty,1103.0,11912.0,13015.0,100.0,20,20,MainPack
2021-05-19,00210180,TEL Toll Gantry -Telemetry Site 122 - EB,04 - Bay of Plenty,840.0,5094.0,5934.0,86.52,20,20,MainPack
2021-05-19,00220180,TEL Toll Gantry -Telemetry Site 122 - WB,04 - Bay of Plenty,921.0,4989.0,5910.0,88.09,20,20,MainPack
2021-05-20,00200132,Whakamarama Telemetry Site 124,04 - Bay of Plenty,1636.5,12347.5,13984.0,100.0,20,20,MainPack
2021-05-20,00200141,TE PUNA - Telemetry Site 65 - West of Snodgrass,04 - Bay of Plenty,1907.0,22215.0,24122.0,100.0,20,20,MainPack
2021-05-20,00200166,KAIRUA - Telemetry Site 120 - (WIM Site),04 - Bay of Plenty,4061.0,36226.0,40287.0,100.0,20,20,MainPack
2021-05-20,00200242,AWAKERI - Telemetry Site 92,04 - Bay of Plenty,1175.0,12259.0,13434.0,100.0,20,20,MainPack
2021-05-20,00210180,TEL Toll Gantry -Telemetry Site 122 - EB,04 - Bay of Plenty,908.5,5270.5,6179.0,90.86,20,20,MainPack
2021-05-20,00220180,TEL Toll Gantry -Telemetry Site 122 - WB,04 - Bay of Plenty,952.5,5246.5,6199.0,92.09,20,20,MainPack
2021-05-21,00200132,Whakamarama Telemetry Site 124,04 - Bay of Plenty,1635.5,13173.5,14809.0,100.0,20,20,MainPack
2021-05-21,00200141,TE PUNA - Telemetry Site 65 - West of Snodgrass,04 - Bay of Plenty,1953.5,23024.5,24978.0,100.0,20,20,MainPack
2021-05-21,00200166,KAIRUA - Telemetry Site 120 - (WIM Site),04 - Bay of Plenty,4177.0,37445.0,41622.0,100.0,20,20,MainPack
2021-05-21,00200242,AWAKERI - Telemetry Site 92,04 - Bay of Plenty,1139.5,12587.5,13727.0,100.0,20,20,MainPack
2021-05-21,00210180,TEL Toll Gantry -Telemetry Site 122 - EB,04 - Bay of Plenty,884.0,5732.0,6616.0,95.27,20,20,MainPack
2021-05-21,00220180,TEL Toll Gantry -Telemetry Site 122 - WB,04 - Bay of Plenty,1025.0,5651.0,6676.0,99.16,20,20,MainPack
2021-05-22,00200132,Whakamarama Telemetry Site 124,04 - Bay of Plenty,974.0,11214.0,12188.0,100.0,20,20,MainPack
2021-05-22,00200141,TE PUNA - Telemetry Site 65 - West of Snodgrass,04 - Bay of Plenty,1068.0,19372.0,20440.0,100.0,20,20,MainPack
2021-05-22,00200166,KAIRUA - Telemetry Site 120 - (WIM Site),04 - Bay of Plenty,1800.0,31429.0,33229.0,100.0,20,20,MainPack
2021-05-22,00200242,AWAKERI - Telemetry Site 92,04 - Bay of Plenty,500.0,10042.0,10542.0,100.0,20,20,MainPack
2021-05-22,00210180,TEL Toll Gantry -Telemetry Site 122 - EB,04 - Bay of Plenty,427.5,4932.5,5360.0,70.62,20,20,MainPack
2021-05-22,00220180,TEL Toll Gantry -Telemetry Site 122 - WB,04 - Bay of Plenty,450.5,4678.5,5129.0,68.52,20,20,MainPack
2021-05-23,00200132,Whakamarama Telemetry Site 124,04 - Bay of Plenty,583.0,10063.0,10646.0,100.0,20,20,MainPack
2021-05-23,00200141,TE PUNA - Telemetry Site 65 - West of Snodgrass,04 - Bay of Plenty,615.0,16368.0,16983.0,100.0,20,20,MainPack
2021-05-23,00200166,KAIRUA - Telemetry Site 120 - (WIM Site),04 - Bay of Plenty,1003.0,26568.0,27571.0,100.0,20,20,MainPack
2021-05-23,00200242,AWAKERI - Telemetry Site 92,04 - Bay of Plenty,314.5,8079.5,8394.0,100.0,20,20,MainPack
2021-05-23,00210180,TEL Toll Gantry -Telemetry Site 122 - EB,04 - Bay of Plenty,268.0,4325.0,4593.0,58.28,20,20,MainPack
2021-05-23,00220180,TEL Toll Gantry -Telemetry Site 122 - WB,04 - Bay of Plenty,318.0,4523.0,4841.0,62.24,20,20,MainPack
2021-05-24,00200132,Whakamarama Telemetry Site 124,04 - Bay of Plenty,1446.5,10984.5,12431.0,100.0,21,21,MainPack
2021-05-24,00200141,TE PUNA - Telemetry Site 65 - West of Snodgrass,04 - Bay of Plenty,1776.0,20258.0,22034.0,100.0,21,21,MainPack
2021-05-24,00200166,KAIRUA - Telemetry Site 120 - (WIM Site),04 - Bay of Plenty,3966.0,33836.0,37802.0,100.0,21,21,MainPack
2021-05-24,00200242,AWAKERI - Telemetry Site 92,04 - Bay of Plenty,1006.0,10595.0,11601.0,100.0,21,21,MainPack
2021-05-24,00210180,TEL Toll Gantry -Telemetry Site 122 - EB,04 - Bay of Plenty,838.5,5002.5,5841.0,85.43,21,21,MainPack
2021-05-24,00220180,TEL Toll Gantry -Telemetry Site 122 - WB,04 - Bay of Plenty,934.0,4772.0,5706.0,86.07,21,21,MainPack
2021-05-25,00200132,Whakamarama Telemetry Site 124,04 - Bay of Plenty,1434.0,11359.0,12793.0,100.0,21,21,MainPack
2021-05-25,00200141,TE PUNA - Telemetry Site 65 - West of Snodgrass,04 - Bay of Plenty,1781.5,21009.5,22791.0,100.0,21,21,MainPack
2021-05-25,00200166,KAIRUA - Telemetry Site 120 - (WIM Site),04 - Bay of Plenty,4187.0,35217.0,39404.0,100.0,21,21,MainPack
2021-05-25,00200242,AWAKERI - Telemetry Site 92,04 - Bay of Plenty,1083.5,11436.5,12520.0,100.0,21,21,MainPack
2021-05-25,00210180,TEL Toll Gantry -Telemetry Site 122 - EB,04 - Bay of Plenty,886.5,5112.5,5999.0,88.32,21,21,MainPack
2021-05-25,00220180,TEL Toll Gantry -Telemetry Site 122 - WB,04 - Bay of Plenty,1024.0,5055.0,6079.0,92.35,21,21,MainPack
2021-05-26,00200132,Whakamarama Telemetry Site 124,04 - Bay of Plenty,1653.0,11871.0,13524.0,100.0,21,21,MainPack
2021-05-26,00200141,TE PUNA - Telemetry Site 65 - West of Snodgrass,04 - Bay of Plenty,1936.5,21674.5,23611.0,100.0,21,21,MainPack
2021-05-26,00200166,KAIRUA - Telemetry Site 120 - (WIM Site),04 - Bay of Plenty,4050.0,36022.0,40072.0,100.0,21,21,MainPack
2021-05-26,00200225,785m past Speed Restriction (Matata East),04 - Bay of Plenty,810.0,3187.0,3997.0,63.83,21,21,MainPack
2021-05-26,00200241,163m before SH30 Awakeri Rail Crossing,04 - Bay of Plenty,0.0,5747.0,5747.0,65.31,21,21,MainPack
2021-05-26,00200242,AWAKERI - Telemetry Site 92,04 - Bay of Plenty,1073.5,11829.5,12903.0,100.0,21,21,MainPack
2021-05-26,00200243,220m past SH30 Awakeri Hall,04 - Bay of Plenty,663.0,2146.0,2809.0,46.99,21,21,MainPack
2021-05-26,00210180,TEL Toll Gantry -Telemetry Site 122 - EB,04 - Bay of Plenty,832.0,5153.0,5985.0,86.92,21,21,MainPack
2021-05-26,00220180,TEL Toll Gantry -Telemetry Site 122 - WB,04 - Bay of Plenty,949.5,5191.5,6141.0,91.36,21,21,MainPack
2021-05-27,00200132,Whakamarama Telemetry Site 124,04 - Bay of Plenty,1585.5,11735.5,13321.0,100.0,21,21,MainPack
2021-05-27,00200141,TE PUNA - Telemetry Site 65 - West of Snodgrass,04 - Bay of Plenty,1854.5,20966.5,22821.0,100.0,21,21,MainPack
2021-05-27,00200166,KAIRUA - Telemetry Site 120 - (WIM Site),04 - Bay of Plenty,4150.0,35988.0,40138.0,100.0,21,21,MainPack
2021-05-27,00200225,785m past Speed Restriction (Matata East),04 - Bay of Plenty,825.0,3246.0,4071.0,65.01,21,21,MainPack
2021-05-27,00200241,163m before SH30 Awakeri Rail Crossing,04 - Bay of Plenty,0.0,5680.0,5680.0,64.55,21,21,MainPack
2021-05-27,00200242,AWAKERI - Telemetry Site 92,04 - Bay of Plenty,1110.0,11999.0,13109.0,100.0,21,21,MainPack
2021-05-27,00200243,220m past SH30 Awakeri Hall,04 - Bay of Plenty,691.0,2222.0,2913.0,48.81,21,21,MainPack
2021-05-27,00210180,TEL Toll Gantry -Telemetry Site 122 - EB,04 - Bay of Plenty,887.0,5445.0,6332.0,92.11,21,21,MainPack
2021-05-27,00220180,TEL Toll Gantry -Telemetry Site 122 - WB,04 - Bay of Plenty,1003.0,5399.0,6402.0,95.55,21,21,MainPack
2021-05-28,00200132,Whakamarama Telemetry Site 124,04 - Bay of Plenty,1643.5,12903.5,14547.0,100.0,21,21,MainPack
2021-05-28,00200141,TE PUNA - Telemetry Site 65 - West of Snodgrass,04 - Bay of Plenty,2010.0,22582.0,24592.0,100.0,21,21,MainPack
2021-05-28,00200166,KAIRUA - Telemetry Site 120 - (WIM Site),04 - Bay of Plenty,4229.0,37051.0,41280.0,100.0,21,21,MainPack
2021-05-28,00200225,785m past Speed Restriction (Matata East),04 - Bay of Plenty,796.0,3508.0,4304.0,67.0,21,21,MainPack
2021-05-28,00200241,163m before SH30 Awakeri Rail Crossing,04 - Bay of Plenty,0.0,5696.0,5696.0,64.73,21,21,MainPack
2021-05-28,00200242,AWAKERI - Telemetry Site 92,04 - Bay of Plenty,1049.5,12302.5,13352.0,100.0,21,21,MainPack
2021-05-28,00200243,220m past SH30 Awakeri Hall,04 - Bay of Plenty,656.0,2425.0,3081.0,49.92,21,21,MainPack
2021-05-28,00210180,TEL Toll Gantry -Telemetry Site 122 - EB,04 - Bay of Plenty,869.0,5679.0,6548.0,94.16,21,21,MainPack
2021-05-28,00220180,TEL Toll Gantry -Telemetry Site 122 - WB,04 - Bay of Plenty,984.0,5630.0,6614.0,97.52,21,21,MainPack
2021-05-29,00200132,Whakamarama Telemetry Site 124,04 - Bay of Plenty,668.0,9429.0,10097.0,100.0,21,21,MainPack
2021-05-29,00200141,TE PUNA - Telemetry Site 65 - West of Snodgrass,04 - Bay of Plenty,700.0,16567.0,17267.0,100.0,21,21,MainPack
2021-05-29,00200166,KAIRUA - Telemetry Site 120 - (WIM Site),04 - Bay of Plenty,1321.0,27417.0,28738.0,100.0,21,21,MainPack
2021-05-29,00200225,785m past Speed Restriction (Matata East),04 - Bay of Plenty,266.0,2051.0,2317.0,32.38,21,21,MainPack
2021-05-29,00200241,163m before SH30 Awakeri Rail Crossing,04 - Bay of Plenty,0.0,3263.0,3263.0,37.08,21,21,MainPack
2021-05-29,00200242,AWAKERI - Telemetry Site 92,04 - Bay of Plenty,316.0,8063.0,8379.0,100.0,21,21,MainPack
2021-05-29,00200243,220m past SH30 Awakeri Hall,04 - Bay of Plenty,177.0,1572.0,1749.0,23.9,21,21,MainPack
2021-05-29,00210180,TEL Toll Gantry -Telemetry Site 122 - EB,04 - Bay of Plenty,316.5,3920.5,4237.0,55.34,21,21,MainPack
2021-05-29,00220180,TEL Toll Gantry -Telemetry Site 122 - WB,04 - Bay of Plenty,343.0,3908.0,4251.0,56.1,21,21,MainPack
2021-05-30,00200132,Whakamarama Telemetry Site 124,04 - Bay of Plenty,537.0,9707.0,10244.0,100.0,21,21,MainPack
2021-05-30,00200141,TE PUNA - Telemetry Site 65 - West of Snodgrass,04 - Bay of Plenty,579.0,16312.0,16891.0,100.0,21,21,MainPack
2021-05-30,00200166,KAIRUA - Telemetry Site 120 - (WIM Site),04 - Bay of Plenty,911.0,26489.0,27400.0,100.0,21,21,MainPack
2021-05-30,00200225,785m past Speed Restriction (Matata East),04 - Bay of Plenty,218.0,2082.0,2300.0,31.09,21,21,MainPack
2021-05-30,00200241,163m before SH30 Awakeri Rail Crossing,04 - Bay of Plenty,0.0,2966.0,2966.0,33.7,21,21,MainPack
2021-05-30,00200242,AWAKERI - Telemetry Site 92,04 - Bay of Plenty,332.5,7375.5,7708.0,95.15,21,21,MainPack
2021-05-30,00200243,220m past SH30 Awakeri Hall,04 - Bay of Plenty,161.0,1743.0,1904.0,25.3,21,21,MainPack
2021-05-30,00210180,TEL Toll Gantry -Telemetry Site 122 - EB,04 - Bay of Plenty,252.5,4156.5,4409.0,55.84,21,21,MainPack
2021-05-30,00220180,TEL Toll Gantry -Telemetry Site 122 - WB,04 - Bay of Plenty,281.5,4280.5,4562.0,58.24,21,21,MainPack
2021-05-31,00200132,Whakamarama Telemetry Site 124,04 - Bay of Plenty,1453.0,10488.0,11941.0,100.0,22,22,MainPack
2021-05-31,00200141,TE PUNA - Telemetry Site 65 - West of Snodgrass,04 - Bay of Plenty,1701.5,19515.5,21217.0,100.0,22,22,MainPack
2021-05-31,00200166,KAIRUA - Telemetry Site 120 - (WIM Site),04 - Bay of Plenty,3730.0,33200.0,36930.0,100.0,22,22,MainPack
2021-05-31,00200225,785m past Speed Restriction (Matata East),04 - Bay of Plenty,792.0,2808.0,3600.0,58.91,22,22,MainPack
2021-05-31,00200241,163m before SH30 Awakeri Rail Crossing,04 - Bay of Plenty,0.0,5007.0,5007.0,56.9,22,22,MainPack
2021-05-31,00200242,AWAKERI - Telemetry Site 92,04 - Bay of Plenty,996.0,10500.0,11496.0,100.0,22,22,MainPack
2021-05-31,00200243,220m past SH30 Awakeri Hall,04 - Bay of Plenty,572.0,1936.0,2508.0,41.5,22,22,MainPack
2021-05-31,00210180,TEL Toll Gantry -Telemetry Site 122 - EB,04 - Bay of Plenty,828.0,4672.0,5500.0,81.32,22,22,MainPack
2021-05-31,00220180,TEL Toll Gantry -Telemetry Site 122 - WB,04 - Bay of Plenty,839.0,4508.0,5347.0,79.83,22,22,MainPack
2021-06-01,00200141,TE PUNA - Telemetry Site 65 - West of Snodgrass,04 - Bay of Plenty,1971.0,21077.0,23048.0,100.0,22,22,MainPack
2021-06-01,00200166,KAIRUA - Telemetry Site 120 - (WIM Site),04 - Bay of Plenty,4000.0,34737.0,38737.0,100.0,22,22,MainPack
2021-06-01,00200225,785m past Speed Restriction (Matata East),04 - Bay of Plenty,853.0,3035.0,3888.0,63.57,22,22,MainPack
2021-06-01,00200241,163m before SH30 Awakeri Rail Crossing,04 - Bay of Plenty,0.0,5852.0,5852.0,66.5,22,22,MainPack
2021-06-01,00200242,AWAKERI - Telemetry Site 92,04 - Bay of Plenty,1142.5,11710.5,12853.0,100.0,22,22,MainPack
2021-06-01,00200243,220m past SH30 Awakeri Hall,04 - Bay of Plenty,713.0,2095.0,2808.0,48.11,22,22,MainPack
2021-06-01,00210180,TEL Toll Gantry -Telemetry Site 122 - EB,04 - Bay of Plenty,869.5,5122.5,5992.0,87.85,22,22,MainPack
2021-06-01,00220180,TEL Toll Gantry -Telemetry Site 122 - WB,04 - Bay of Plenty,954.5,4910.5,5865.0,88.34,22,22,MainPack
2021-06-02,00200141,TE PUNA - Telemetry Site 65 - West of Snodgrass,04 - Bay of Plenty,1985.0,21680.0,23665.0,100.0,22,22,MainPack
2021-06-02,00200166,KAIRUA - Telemetry Site 120 - (WIM Site),04 - Bay of Plenty,4160.0,35540.0,39700.0,100.0,22,22,MainPack
2021-06-02,00200242,AWAKERI - Telemetry Site 92,04 - Bay of Plenty,1154.0,12170.0,13324.0,100.0,22,22,MainPack
2021-06-02,00210180,TEL Toll Gantry -Telemetry Site 122 - EB,04 - Bay of Plenty,919.0,5312.0,6231.0,91.69,22,22,MainPack
2021-06-02,00220180,TEL Toll Gantry -Telemetry Site 122 - WB,04 - Bay of Plenty,1009.0,5169.0,6178.0,93.14,22,22,MainPack
2021-06-03,00200141,TE PUNA - Telemetry Site 65 - West of Snodgrass,04 - Bay of Plenty,1982.0,21936.0,23918.0,100.0,22,22,MainPack
2021-06-03,00200166,KAIRUA - Telemetry Site 120 - (WIM Site),04 - Bay of Plenty,4169.0,36201.0,40370.0,100.0,22,22,MainPack
2021-06-03,00200242,AWAKERI - Telemetry Site 92,04 - Bay of Plenty,1208.0,12324.0,13532.0,100.0,22,22,MainPack
2021-06-03,00210180,TEL Toll Gantry -Telemetry Site 122 - EB,04 - Bay of Plenty,904.0,5464.0,6368.0,92.91,22,22,MainPack
2021-06-03,00220180,TEL Toll Gantry -Telemetry Site 122 - WB,04 - Bay of Plenty,970.0,5453.0,6423.0,95.03,22,22,MainPack
2021-06-04,00200141,TE PUNA - Telemetry Site 65 - West of Snodgrass,04 - Bay of Plenty,2042.5,23707.5,25750.0,100.0,22,22,MainPack
2021-06-04,00200166,KAIRUA - Telemetry Site 120 - (WIM Site),04 - Bay of Plenty,4217.0,38086.0,42303.0,100.0,22,22,MainPack
2021-06-04,00200242,AWAKERI - Telemetry Site 92,04 - Bay of Plenty,1211.5,12960.5,14172.0,100.0,22,22,MainPack
2021-06-04,00210180,TEL Toll Gantry -Telemetry Site 122 - EB,04 - Bay of Plenty,942.5,6531.5,7474.0,100.0,22,22,MainPack
2021-06-04,00220180,TEL Toll Gantry -Telemetry Site 122 - WB,04 - Bay of Plenty,965.0,6021.0,6986.0,100.0,22,22,MainPack
2021-06-05,00200141,TE PUNA - Telemetry Site 65 - West of Snodgrass,04 - Bay of Plenty,1035.5,19578.5,20614.0,100.0,22,22,MainPack
2021-06-05,00200166,KAIRUA - Telemetry Site 120 - (WIM Site),04 - Bay of Plenty,1801.0,31200.0,33001.0,100.0,22,22,MainPack
2021-06-05,00200242,AWAKERI - Telemetry Site 92,04 - Bay of Plenty,518.0,9509.0,10027.0,100.0,22,22,MainPack
2021-06-05,00210180,TEL Toll Gantry -Telemetry Site 122 - EB,04 - Bay of Plenty,451.5,5903.5,6355.0,82.48,22,22,MainPack
2021-06-05,00220180,TEL Toll Gantry -Telemetry Site 122 - WB,04 - Bay of Plenty,467.5,5199.5,5667.0,75.02,22,22,MainPack
2021-06-06,00200141,TE PUNA - Telemetry Site 65 - West of Snodgrass,04 - Bay of Plenty,471.0,16105.0,16576.0,100.0,22,22,MainPack
2021-06-06,00200166,KAIRUA - Telemetry Site 120 - (WIM Site),04 - Bay of Plenty,799.0,25563.0,26362.0,100.0,22,22,MainPack
2021-06-06,00200242,AWAKERI - Telemetry Site 92,04 - Bay of Plenty,296.0,7507.0,7803.0,95.4,22,22,MainPack
2021-06-06,00210180,TEL Toll Gantry -Telemetry Site 122 - EB,04 - Bay of Plenty,215.5,4049.5,4265.0,53.36,22,22,MainPack
2021-06-06,00220180,TEL Toll Gantry -Telemetry Site 122 - WB,04 - Bay of Plenty,289.5,4292.5,4582.0,58.65,22,22,MainPack
2021-06-07,00200141,TE PUNA - Telemetry Site 65 - West of Snodgrass,04 - Bay of Plenty,551.0,14938.0,15489.0,100.0,23,23,Late
2021-06-07,00200166,KAIRUA - Telemetry Site 120 - (WIM Site),04 - Bay of Plenty,1042.0,24439.0,25481.0,100.0,23,23,Late
2021-06-07,00200242,AWAKERI - Telemetry Site 92,04 - Bay of Plenty,325.0,7894.0,8219.0,100.0,23,23,Late
2021-06-07,00210180,TEL Toll Gantry -Telemetry Site 122 - EB,04 - Bay of Plenty,270.5,4012.5,4283.0,54.82,23,23,Late
2021-06-07,00220180,TEL Toll Gantry -Telemetry Site 122 - WB,04 - Bay of Plenty,387.5,4894.5,5282.0,68.83,23,23,Late
2021-06-08,00200141,TE PUNA - Telemetry Site 65 - West of Snodgrass,04 - Bay of Plenty,1727.0,21255.0,22982.0,100.0,23,23,Late
2021-06-08,00200166,KAIRUA - Telemetry Site 120 - (WIM Site),04 - Bay of Plenty,3888.0,34611.0,38499.0,100.0,23,23,Late
2021-06-08,00200242,AWAKERI - Telemetry Site 92,04 - Bay of Plenty,1033.0,11331.0,12364.0,100.0,23,23,Late
2021-06-08,00210180,TEL Toll Gantry -Telemetry Site 122 - EB,04 - Bay of Plenty,805.5,4957.5,5763.0,83.8,23,23,Late
2021-06-08,00220180,TEL Toll Gantry -Telemetry Site 122 - WB,04 - Bay of Plenty,861.5,5061.5,5923.0,86.89,23,23,Late
2021-06-09,00200141,TE PUNA - Telemetry Site 65 - West of Snodgrass,04 - Bay of Plenty,1804.5,21204.5,23009.0,100.0,23,23,Late
2021-06-09,00200166,KAIRUA - Telemetry Site 120 - (WIM Site),04 - Bay of Plenty,3946.0,35629.0,39575.0,100.0,23,23,Late
2021-06-09,00200242,AWAKERI - Telemetry Site 92,04 - Bay of Plenty,1014.5,11866.5,12881.0,100.0,23,23,Late
2021-06-09,00210166,KAIRUA - Telemetry Site 120 - SB,04 - Bay of Plenty,2302.0,16338.0,18640.0,100.0,23,23,Late
2021-06-09,00210180,TEL Toll Gantry -Telemetry Site 122 - EB,04 - Bay of Plenty,840.5,5286.5,6127.0,88.73,23,23,Late
2021-06-09,00220180,TEL Toll Gantry -Telemetry Site 122 - WB,04 - Bay of Plenty,925.5,5250.5,6176.0,91.22,23,23,Late
2021-06-10,00200141,TE PUNA - Telemetry Site 65 - West of Snodgrass,04 - Bay of Plenty,1714.5,21552.5,23267.0,100.0,23,23,Late
2021-06-10,00200166,KAIRUA - Telemetry Site 120 - (WIM Site),04 - Bay of Plenty,4209.0,35622.0,39831.0,100.0,23,23,Late
2021-06-10,00200242,AWAKERI - Telemetry Site 92,04 - Bay of Plenty,1012.0,12049.0,13061.0,100.0,23,23,Late
2021-06-10,00210166,KAIRUA - Telemetry Site 120 - SB,04 - Bay of Plenty,2370.0,16318.0,18688.0,100.0,23,23,Late
2021-06-10,00210180,TEL Toll Gantry -Telemetry Site 122 - EB,04 - Bay of Plenty,873.0,5235.0,6108.0,89.25,23,23,Late
2021-06-10,00220180,TEL Toll Gantry -Telemetry Site 122 - WB,04 - Bay of Plenty,993.0,5215.0,6208.0,93.11,23,23,Late
2021-06-11,00200132,Whakamarama Telemetry Site 124,04 - Bay of Plenty,1489.5,13015.5,14505.0,100.0,23,23,Late
2021-06-11,00200141,TE PUNA - Telemetry Site 65 - West of Snodgrass,04 - Bay of Plenty,1818.0,22773.0,24591.0,100.0,23,23,Late
2021-06-11,00200166,KAIRUA - Telemetry Site 120 - (WIM Site),04 - Bay of Plenty,4164.0,36471.0,40635.0,100.0,23,23,Late
2021-06-11,00200242,AWAKERI - Telemetry Site 92,04 - Bay of Plenty,1041.0,12154.0,13195.0,100.0,23,23,Late
2021-06-11,00210166,KAIRUA - Telemetry Site 120 - SB,04 - Bay of Plenty,2259.0,16667.0,18926.0,100.0,23,23,Late
2021-06-11,00210180,TEL Toll Gantry -Telemetry Site 122 - EB,04 - Bay of Plenty,891.5,5775.5,6667.0,96.02,23,23,Late
2021-06-11,00220180,TEL Toll Gantry -Telemetry Site 122 - WB,04 - Bay of Plenty,999.0,5602.0,6601.0,97.72,23,23,Late
2021-06-12,00200132,Whakamarama Telemetry Site 124,04 - Bay of Plenty,895.0,11338.0,12233.0,100.0,23,23,Late
2021-06-12,00200141,TE PUNA - Telemetry Site 65 - West of Snodgrass,04 - Bay of Plenty,1021.5,19455.5,20477.0,100.0,23,23,Late
2021-06-12,00200166,KAIRUA - Telemetry Site 120 - (WIM Site),04 - Bay of Plenty,1927.0,31746.0,33673.0,100.0,23,23,Late
2021-06-12,00200242,AWAKERI - Telemetry Site 92,04 - Bay of Plenty,532.0,9524.0,10056.0,100.0,23,23,Late
2021-06-12,00210166,KAIRUA - Telemetry Site 120 - SB,04 - Bay of Plenty,1253.0,14731.0,15984.0,100.0,23,23,Late
2021-06-12,00210180,TEL Toll Gantry -Telemetry Site 122 - EB,04 - Bay of Plenty,437.0,5006.0,5443.0,71.78,23,23,Late
2021-06-12,00220180,TEL Toll Gantry -Telemetry Site 122 - WB,04 - Bay of Plenty,466.0,4994.0,5460.0,72.64,23,23,Late
2021-06-13,00200132,Whakamarama Telemetry Site 124,04 - Bay of Plenty,528.0,9710.0,10238.0,100.0,23,23,Late
2021-06-13,00200141,TE PUNA - Telemetry Site 65 - West of Snodgrass,04 - Bay of Plenty,582.0,16058.0,16640.0,100.0,23,23,Late
2021-06-13,00200166,KAIRUA - Telemetry Site 120 - (WIM Site),04 - Bay of Plenty,958.0,26931.0,27889.0,100.0,23,23,Late
2021-06-13,00200242,AWAKERI - Telemetry Site 92,04 - Bay of Plenty,365.5,7712.5,8078.0,100.0,23,23,Late
2021-06-13,00210166,KAIRUA - Telemetry Site 120 - SB,04 - Bay of Plenty,774.0,12667.0,13441.0,100.0,23,23,Late
2021-06-13,00210180,TEL Toll Gantry -Telemetry Site 122 - EB,04 - Bay of Plenty,240.5,4316.5,4557.0,57.25,23,23,Late
2021-06-13,00220180,TEL Toll Gantry -Telemetry Site 122 - WB,04 - Bay of Plenty,289.0,4394.0,4683.0,59.78,23,23,Late
2021-06-14,00200132,Whakamarama Telemetry Site 124,04 - Bay of Plenty,1276.5,10161.5,11438.0,100.0,24,24,Late
2021-06-14,00200141,TE PUNA - Telemetry Site 65 - West of Snodgrass,04 - Bay of Plenty,1561.5,18798.5,20360.0,100.0,24,24,Late
2021-06-14,00200166,KAIRUA - Telemetry Site 120 - (WIM Site),04 - Bay of Plenty,3473.0,31451.0,34924.0,100.0,24,24,Late
2021-06-14,00200242,AWAKERI - Telemetry Site 92,04 - Bay of Plenty,834.0,10262.0,11096.0,100.0,24,24,Late
2021-06-14,00210166,KAIRUA - Telemetry Site 120 - SB,04 - Bay of Plenty,2146.0,14551.0,16697.0,100.0,24,24,Late
2021-06-14,00210180,TEL Toll Gantry -Telemetry Site 122 - EB,04 - Bay of Plenty,770.5,4408.5,5179.0,76.36,24,24,Late
2021-06-14,00220180,TEL Toll Gantry -Telemetry Site 122 - WB,04 - Bay of Plenty,829.0,4286.0,5115.0,76.97,24,24,Late
2021-06-15,00200132,Whakamarama Telemetry Site 124,04 - Bay of Plenty,1303.0,10698.0,12001.0,100.0,24,24,Late
2021-06-15,00200141,TE PUNA - Telemetry Site 65 - West of Snodgrass,04 - Bay of Plenty,1609.5,20018.5,21628.0,100.0,24,24,Late
2021-06-15,00200166,KAIRUA - Telemetry Site 120 - (WIM Site),04 - Bay of Plenty,3607.0,33926.0,37533.0,100.0,24,24,Late
2021-06-15,00200242,AWAKERI - Telemetry Site 92,04 - Bay of Plenty,795.0,10607.0,11402.0,100.0,24,24,Late
2021-06-15,00210166,KAIRUA - Telemetry Site 120 - SB,04 - Bay of Plenty,2185.0,15593.0,17778.0,100.0,24,24,Late
2021-06-15,00210180,TEL Toll Gantry -Telemetry Site 122 - EB,04 - Bay of Plenty,756.0,4728.0,5484.0,79.5,24,24,Late
2021-06-15,00220180,TEL Toll Gantry -Telemetry Site 122 - WB,04 - Bay of Plenty,836.0,4687.0,5523.0,81.76,24,24,Late
2021-06-16,00200132,Whakamarama Telemetry Site 124,04 - Bay of Plenty,1302.5,10973.5,12276.0,100.0,24,24,Late
2021-06-16,00200141,TE PUNA - Telemetry Site 65 - West of Snodgrass,04 - Bay of Plenty,1586.0,20790.0,22376.0,100.0,24,24,Late
2021-06-16,00200166,KAIRUA - Telemetry Site 120 - (WIM Site),04 - Bay of Plenty,3730.0,36525.0,40255.0,100.0,24,24,Late
2021-06-16,00200242,AWAKERI - Telemetry Site 92,04 - Bay of Plenty,906.0,11879.0,12785.0,100.0,24,24,Late
2021-06-16,00210180,TEL Toll Gantry -Telemetry Site 122 - EB,04 - Bay of Plenty,786.5,5097.5,5884.0,84.74,24,24,Late
2021-06-16,00220180,TEL Toll Gantry -Telemetry Site 122 - WB,04 - Bay of Plenty,871.0,5087.0,5958.0,87.5,24,24,Late
2021-06-17,00200132,Whakamarama Telemetry Site 124,04 - Bay of Plenty,1459.0,11778.0,13237.0,100.0,24,24,Late
2021-06-17,00200141,TE PUNA - Telemetry Site 65 - West of Snodgrass,04 - Bay of Plenty,1740.5,21539.5,23280.0,100.0,24,24,Late
2021-06-17,00200166,KAIRUA - Telemetry Site 120 - (WIM Site),04 - Bay of Plenty,3872.0,36141.0,40013.0,100.0,24,24,Late
2021-06-17,00200242,AWAKERI - Telemetry Site 92,04 - Bay of Plenty,891.5,11908.5,12800.0,100.0,24,24,Late
2021-06-17,00210180,TEL Toll Gantry -Telemetry Site 122 - EB,04 - Bay of Plenty,783.5,5274.5,6058.0,86.65,24,24,Late
2021-06-17,00220180,TEL Toll Gantry -Telemetry Site 122 - WB,04 - Bay of Plenty,869.0,5275.0,6144.0,89.57,24,24,Late
2021-06-18,00200132,Whakamarama Telemetry Site 124,04 - Bay of Plenty,1512.0,12825.0,14337.0,100.0,24,24,Late
2021-06-18,00200141,TE PUNA - Telemetry Site 65 - West of Snodgrass,04 - Bay of Plenty,1855.0,22761.0,24616.0,100.0,24,24,Late
2021-06-18,00200166,KAIRUA - Telemetry Site 120 - (WIM Site),04 - Bay of Plenty,3836.0,37296.0,41132.0,100.0,24,24,Late
2021-06-18,00200242,AWAKERI - Telemetry Site 92,04 - Bay of Plenty,989.5,12252.5,13242.0,100.0,24,24,Late
2021-06-18,00210180,TEL Toll Gantry -Telemetry Site 122 - EB,04 - Bay of Plenty,806.0,6261.0,7067.0,98.62,24,24,Late
2021-06-18,00220180,TEL Toll Gantry -Telemetry Site 122 - WB,04 - Bay of Plenty,894.5,6048.5,6943.0,99.23,24,24,Late
2021-06-19,00200132,Whakamarama Telemetry Site 124,04 - Bay of Plenty,553.5,9196.5,9750.0,100.0,24,24,Late
2021-06-19,00200141,TE PUNA - Telemetry Site 65 - West of Snodgrass,04 - Bay of Plenty,529.5,16355.5,16885.0,100.0,24,24,Late
2021-06-19,00200166,KAIRUA - Telemetry Site 120 - (WIM Site),04 - Bay of Plenty,985.0,26306.0,27291.0,100.0,24,24,Late
2021-06-19,00200242,AWAKERI - Telemetry Site 92,04 - Bay of Plenty,299.0,8020.0,8319.0,100.0,24,24,Late
2021-06-19,00210180,TEL Toll Gantry -Telemetry Site 122 - EB,04 - Bay of Plenty,224.5,3927.5,4152.0,52.28,24,24,Late
2021-06-19,00220180,TEL Toll Gantry -Telemetry Site 122 - WB,04 - Bay of Plenty,272.5,3739.5,4012.0,51.78,24,24,Late
2021-06-20,00200132,Whakamarama Telemetry Site 124,04 - Bay of Plenty,468.5,8820.5,9289.0,100.0,24,24,Late
2021-06-20,00200141,TE PUNA - Telemetry Site 65 - West of Snodgrass,04 - Bay of Plenty,450.0,15025.0,15475.0,100.0,24,24,Late
2021-06-20,00200166,KAIRUA - Telemetry Site 120 - (WIM Site),04 - Bay of Plenty,831.0,24343.0,25174.0,100.0,24,24,Late
2021-06-20,00200242,AWAKERI - Telemetry Site 92,04 - Bay of Plenty,219.5,6824.5,7044.0,85.03,24,24,Late
2021-06-20,00210180,TEL Toll Gantry -Telemetry Site 122 - EB,04 - Bay of Plenty,207.0,3859.0,4066.0,50.91,24,24,Late
2021-06-20,00220180,TEL Toll Gantry -Telemetry Site 122 - WB,04 - Bay of Plenty,235.5,4025.5,4261.0,53.77,24,24,Late
2021-06-21,00200132,Whakamarama Telemetry Site 124,04 - Bay of Plenty,1313.0,10804.0,12117.0,100.0,25,25,Late
2021-06-21,00200141,TE PUNA - Telemetry Site 65 - West of Snodgrass,04 - Bay of Plenty,1610.0,19784.0,21394.0,100.0,25,25,Late
2021-06-21,00200166,KAIRUA - Telemetry Site 120 - (WIM Site),04 - Bay of Plenty,3382.0,32676.0,36058.0,100.0,25,25,Late
2021-06-21,00200242,AWAKERI - Telemetry Site 92,04 - Bay of Plenty,834.0,10611.0,11445.0,100.0,25,25,Late
2021-06-21,00210180,TEL Toll Gantry -Telemetry Site 122 - EB,04 - Bay of Plenty,755.5,4877.5,5633.0,81.18,25,25,Late
2021-06-21,00220180,TEL Toll Gantry -Telemetry Site 122 - WB,04 - Bay of Plenty,785.0,4654.0,5439.0,79.65,25,25,Late
2021-06-22,00200132,Whakamarama Telemetry Site 124,04 - Bay of Plenty,1532.0,11565.0,13097.0,100.0,25,25,Late
2021-06-22,00200141,TE PUNA - Telemetry Site 65 - West of Snodgrass,04 - Bay of Plenty,1908.5,21676.5,23585.0,100.0,25,25,Late
2021-06-22,00200166,KAIRUA - Telemetry Site 120 - (WIM Site),04 - Bay of Plenty,3820.0,34470.0,38290.0,100.0,25,25,Late
2021-06-22,00210180,TEL Toll Gantry -Telemetry Site 122 - EB,04 - Bay of Plenty,789.5,5023.5,5813.0,84.0,25,25,Late
2021-06-22,00220180,TEL Toll Gantry -Telemetry Site 122 - WB,04 - Bay of Plenty,852.0,4835.0,5687.0,83.99,25,25,Late
2021-06-23,00200132,Whakamarama Telemetry Site 124,04 - Bay of Plenty,1444.0,11988.0,13432.0,100.0,25,25,Late
2021-06-23,00200141,TE PUNA - Telemetry Site 65 - West of Snodgrass,04 - Bay of Plenty,1882.0,22027.0,23909.0,100.0,25,25,Late
2021-06-23,00200166,KAIRUA - Telemetry Site 120 - (WIM Site),04 - Bay of Plenty,3842.0,35240.0,39082.0,100.0,25,25,Late
2021-06-23,00210180,TEL Toll Gantry -Telemetry Site 122 - EB,04 - Bay of Plenty,874.0,5114.0,5988.0,87.91,25,25,Late
2021-06-23,00220180,TEL Toll Gantry -Telemetry Site 122 - WB,04 - Bay of Plenty,914.0,5024.0,5938.0,88.25,25,25,Late
2021-06-24,00200132,Whakamarama Telemetry Site 124,04 - Bay of Plenty,1565.5,11870.5,13436.0,100.0,25,25,Late
2021-06-24,00200141,TE PUNA - Telemetry Site 65 - West of Snodgrass,04 - Bay of Plenty,1963.5,21868.5,23832.0,100.0,25,25,Late
2021-06-24,00200166,KAIRUA - Telemetry Site 120 - (WIM Site),04 - Bay of Plenty,3752.0,35789.0,39541.0,100.0,25,25,Late
2021-06-24,00210180,TEL Toll Gantry -Telemetry Site 122 - EB,04 - Bay of Plenty,805.5,5351.5,6157.0,88.27,25,25,Late
2021-06-24,00220180,TEL Toll Gantry -Telemetry Site 122 - WB,04 - Bay of Plenty,947.5,5260.5,6208.0,92.08,25,25,Late
2021-06-25,00200132,Whakamarama Telemetry Site 124,04 - Bay of Plenty,1519.0,13185.0,14704.0,100.0,25,25,Late
2021-06-25,00200141,TE PUNA - Telemetry Site 65 - West of Snodgrass,04 - Bay of Plenty,1824.5,22806.5,24631.0,100.0,25,25,Late
2021-06-25,00200166,KAIRUA - Telemetry Site 120 - (WIM Site),04 - Bay of Plenty,3508.0,36452.0,39960.0,100.0,25,25,Late
2021-06-25,00210180,TEL Toll Gantry -Telemetry Site 122 - EB,04 - Bay of Plenty,741.5,5511.5,6253.0,87.91,25,25,Late
2021-06-25,00220180,TEL Toll Gantry -Telemetry Site 122 - WB,04 - Bay of Plenty,891.5,5514.5,6406.0,93.06,25,25,Late
2021-06-26,00200132,Whakamarama Telemetry Site 124,04 - Bay of Plenty,736.0,11444.0,12180.0,100.0,25,25,Late
2021-06-26,00200141,TE PUNA - Telemetry Site 65 - West of Snodgrass,04 - Bay of Plenty,796.5,19928.5,20725.0,100.0,25,25,Late
2021-06-26,00200166,KAIRUA - Telemetry Site 120 - (WIM Site),04 - Bay of Plenty,1190.0,31812.0,33002.0,100.0,25,25,Late
2021-06-26,00210180,TEL Toll Gantry -Telemetry Site 122 - EB,04 - Bay of Plenty,319.0,5191.0,5510.0,69.86,25,25,Late
2021-06-26,00220180,TEL Toll Gantry -Telemetry Site 122 - WB,04 - Bay of Plenty,393.5,5009.5,5403.0,70.34,25,25,Late
2021-06-27,00200132,Whakamarama Telemetry Site 124,04 - Bay of Plenty,443.0,9658.0,10101.0,100.0,25,25,Late
2021-06-27,00200141,TE PUNA - Telemetry Site 65 - West of Snodgrass,04 - Bay of Plenty,444.0,15652.0,16096.0,100.0,25,25,Late
2021-06-27,00200166,KAIRUA - Telemetry Site 120 - (WIM Site),04 - Bay of Plenty,682.0,24770.0,25452.0,100.0,25,25,Late
2021-06-27,00210180,TEL Toll Gantry -Telemetry Site 122 - EB,04 - Bay of Plenty,167.5,3727.5,3895.0,48.07,25,25,Late
2021-06-27,00220180,TEL Toll Gantry -Telemetry Site 122 - WB,04 - Bay of Plenty,228.0,4171.0,4399.0,55.17,25,25,Late
2021-06-28,00200132,Whakamarama Telemetry Site 124,04 - Bay of Plenty,1315.5,10591.5,11907.0,100.0,26,26,Late
2021-06-28,00200141,TE PUNA - Telemetry Site 65 - West of Snodgrass,04 - Bay of Plenty,1662.0,19497.0,21159.0,100.0,26,26,Late
2021-06-28,00200166,KAIRUA - Telemetry Site 120 - (WIM Site),04 - Bay of Plenty,3541.0,32184.0,35725.0,100.0,26,26,Late
2021-06-28,00210180,TEL Toll Gantry -Telemetry Site 122 - EB,04 - Bay of Plenty,731.5,4689.5,5421.0,78.23,26,26,Late
2021-06-28,00220180,TEL Toll Gantry -Telemetry Site 122 - WB,04 - Bay of Plenty,717.5,4261.5,4979.0,72.89,26,26,Late
2021-06-29,00200132,Whakamarama Telemetry Site 124,04 - Bay of Plenty,1451.0,11003.0,12454.0,100.0,26,26,Late
2021-06-29,00200141,TE PUNA - Telemetry Site 65 - West of Snodgrass,04 - Bay of Plenty,1739.5,20551.5,22291.0,100.0,26,26,Late
2021-06-29,00200166,KAIRUA - Telemetry Site 120 - (WIM Site),04 - Bay of Plenty,3686.0,34100.0,37786.0,100.0,26,26,Late
2021-06-29,00210180,TEL Toll Gantry -Telemetry Site 122 - EB,04 - Bay of Plenty,714.0,4954.0,5668.0,80.64,26,26,Late
2021-06-29,00220180,TEL Toll Gantry -Telemetry Site 122 - WB,04 - Bay of Plenty,765.5,4739.5,5505.0,79.95,26,26,Late
2021-06-30,00200132,Whakamarama Telemetry Site 124,04 - Bay of Plenty,1477.0,11544.0,13021.0,100.0,26,26,Late
2021-06-30,00200141,TE PUNA - Telemetry Site 65 - West of Snodgrass,04 - Bay of Plenty,1881.5,21392.5,23274.0,100.0,26,26,Late
2021-06-30,00200166,KAIRUA - Telemetry Site 120 - (WIM Site),04 - Bay of Plenty,3602.0,34957.0,38559.0,100.0,26,26,Late
2021-06-30,00210180,TEL Toll Gantry -Telemetry Site 122 - EB,04 - Bay of Plenty,814.0,5017.0,5831.0,84.76,26,26,Late
2021-06-30,00220180,TEL Toll Gantry -Telemetry Site 122 - WB,04 - Bay of Plenty,902.5,4888.5,5791.0,86.32,26,26,Late
